"last_name, first_name","player_id","year","pa","hit","single","double","triple","home_run","batting_avg","slg_percent","on_base_percent","on_base_plus_slg","sweet_spot_percent","barrel_batted_rate","hard_hit_percent","avg_best_speed","avg_hyper_speed","whiff_percent","swing_percent"
"Thomas, Colby",687515,2025,132,27,16,5,0,6,".225",".417",".267","0.684",24,13.3,49.3,"104.21021","96.532611757",37.1,57.8
"Jankowski, Travis",608671,2025,50,11,9,2,0,0,".244",".289",".286","0.575",22.9,0,34.3,"98.685423125","93.38867375",23.3,47.3
"Iglesias, Jose",578428,2025,343,70,56,11,0,3,".229",".294",".298","0.592",27,2,28.5,"96.076090484","92.044981089",17.8,45
"Crow-Armstrong, Pete",691718,2025,647,146,74,37,4,31,".247",".481",".287","0.768",33.9,13,41.6,"100.676597945","94.609790365",28.9,60.1
"Wilson, Will",669717,2025,91,15,11,4,0,0,".192",".244",".267","0.511",28.6,2,36.7,"97.655267273","92.939904186",37.4,55.2
"Dunn, Oliver",686554,2025,41,6,4,2,0,0,".167",".222",".205","0.427",35.7,0,32.1,"99.923279167","94.14957875",32.3,42.2
"Taylor, Tyrone",621438,2025,341,69,46,18,3,2,".223",".319",".279","0.598",40.6,3.8,35.1,"98.271444237","93.188807331",22.7,49.1
"Durbin, Caleb",702332,2025,506,114,78,25,0,11,".256",".387",".334","0.721",29.6,4,26.9,"96.100902887","92.05425549",13,44.5
"Bouchard, Sean",656248,2025,73,11,9,0,1,1,".167",".242",".247","0.489",28.2,0,30.8,"96.339928","92.310214872",34.7,43.2
"Taylor, Chris",621035,2025,125,21,12,7,0,2,".186",".301",".256","0.557",38.9,6.9,36.1,"97.662010278","92.902285634",38.6,51.8
"Mastrobuoni, Miles",670156,2025,175,38,33,4,0,1,".250",".296",".324","0.620",33.3,2.3,36.4,"97.996020645","93.315767967",16.1,39.9
"Hicks, Liam",689414,2025,390,82,62,13,1,6,".247",".346",".346","0.692",39,3.5,27.7,"96.015787174","92.008309275",15.1,37.4
"Smith, Cam",701358,2025,493,104,71,21,3,9,".236",".358",".312","0.670",34.6,6.9,40.8,"100.519229085","94.330406111",28.7,48.4
"Allen, Greg",656185,2025,14,0,0,0,0,0,".000",".000",".000","0.000",11.1,0,33.3,"98.088275","93.10132625",41.4,55.8
"Springer, George",543807,2025,586,154,94,27,1,32,".309",".560",".399","0.959",41.2,16.1,47.6,"102.436288051","95.608566256",26.1,46.2
"Arozarena, Randy",668227,2025,709,146,86,32,1,27,".238",".426",".334","0.760",32.6,11.5,50.6,"102.490457934","95.926660471",29.7,44
"Pederson, Joc",592626,2025,306,48,28,10,1,9,".181",".328",".285","0.613",28.4,9.5,44.8,"101.989422727","95.472364192",25.2,44.3
"Vázquez, Christian",543877,2025,214,36,26,7,0,3,".189",".274",".271","0.545",35.7,3.8,27.4,"95.863345443","91.971705669",16.9,42.7
"Rutschman, Adley",668939,2025,365,71,44,16,2,9,".220",".366",".307","0.673",33.7,7.5,38.6,"99.370985821","93.966094082",14.5,40.6
"Edwards, Xavier",669364,2025,619,159,131,20,5,3,".283",".353",".343","0.696",33.6,0.8,29.4,"96.768424561","92.424991053",12.2,49
"Turner, Trea",607208,2025,639,179,126,31,7,15,".304",".457",".355","0.812",34.7,5.8,42.1,"100.109582645","94.284521756",24.8,51.4
"Mayer, Marcelo",691785,2025,136,29,16,8,1,4,".228",".402",".272","0.674",35.6,9.2,51.7,"100.981297955","95.035314253",28.6,50.8
"Lopez, Nicky",670032,2025,28,1,1,0,0,0,".042",".042",".179","0.221",15,0,40,"97.358447","92.6792235",8.7,43.4
"Suárez, Eugenio",553993,2025,657,134,57,28,0,49,".228",".526",".298","0.824",32.8,14.3,47.6,"101.4773033","95.099828471",33.3,50.4
"Olson, Matt",621566,2025,724,170,98,41,2,29,".272",".484",".366","0.850",37.1,14.3,53.3,"103.816455133","96.735765819",26.2,45.3
"Frelick, Sal",686217,2025,594,152,117,20,3,12,".288",".405",".351","0.756",30.7,3.1,27.4,"96.058504215","92.02970778",12.8,44.1
"Caglianone, Jac",695506,2025,232,33,19,6,1,7,".157",".295",".237","0.532",29.7,12,42.4,"102.891404557","95.64711057",26.8,51.3
"Heineman, Tyler",623168,2025,174,43,31,8,1,3,".289",".416",".361","0.777",31.2,3.2,22.4,"95.366876724","91.715468261",19.3,53
"Ortiz, Joey",687401,2025,506,108,82,18,1,7,".230",".317",".276","0.593",27.4,3,32.8,"97.991058051","93.026599357",16,46.8
"Schmitt, Casey",669477,2025,348,74,47,15,0,12,".237",".401",".305","0.706",40.3,9,43.8,"100.706954224","94.593324009",25.8,51.6
"Jung, Josh",673962,2025,511,121,83,23,1,14,".251",".390",".294","0.684",39.4,8.2,46.7,"100.8140564","94.816045657",25.4,51.1
"Mitchell, Garrett",669003,2025,78,14,9,4,1,0,".206",".294",".286","0.580",28.9,6.7,42.2,"101.702092273","95.23852186",30.9,44.9
"Schunk, Aaron",668845,2025,33,6,5,1,0,0,".188",".219",".188","0.407",43.5,4.3,21.7,"94.291900909","91.328601364",25,65.5
"Marsee, Jakob",805300,2025,234,61,35,18,3,5,".292",".478",".363","0.841",38.9,8,41.4,"100.197952716","94.371443168",19.5,43.1
"García, Adolis",666969,2025,547,115,68,28,0,19,".227",".394",".271","0.665",33.2,11.6,46.7,"101.875197354","95.57270172",30.3,52.2
"Trevino, Jose",624431,2025,302,67,43,20,0,4,".238",".351",".272","0.623",29,4.4,40.7,"99.163307459","93.735879959",18.4,46.6
"Margot, Manuel",622534,2025,20,6,6,0,0,0,".316",".316",".300","0.616",42.9,0,14.3,"91.220212857","90.001579286",28.9,55.9
"Lee, Jung Hoo",808982,2025,617,149,98,31,12,8,".266",".407",".327","0.734",34.1,3.7,32,"97.154749061","92.638543988",13.1,44.7
"Higashioka, Kyle",543309,2025,327,73,47,14,1,11,".241",".403",".291","0.694",39.1,8.6,39.1,"99.057726983","93.733033983",21.9,45
"Thomas, Rhylan",689041,2025,10,1,0,1,0,0,".125",".250",".200","0.450",11.1,0,33.3,"93.921276","91.587194444",5,58.8
"Knizner, Andrew",668800,2025,88,17,14,1,1,1,".221",".299",".299","0.598",23.2,1.4,23.2,"94.789412941","91.601198971",19.9,48.6
"Marte, Ketel",606466,2025,556,136,80,28,0,28,".283",".517",".376","0.893",33,13.5,47,"102.65931603","95.815528287",22.5,45.3
"Sosa, Edmundo",624641,2025,261,67,43,12,1,11,".276",".469",".307","0.776",35.4,6.3,38,"99.677737979","93.987724064",25.7,57.1
"Campbell, Kristian",692225,2025,263,51,35,10,0,6,".223",".345",".319","0.664",30.4,5.1,41.8,"100.531882308","94.411397756",27.3,42.1
"Neto, Zach",687263,2025,554,129,73,29,1,26,".257",".474",".319","0.793",38,14,46.6,"101.775942825","95.420716799",29.1,48.6
"Fitzgerald, Tyler",666149,2025,243,47,32,10,1,4,".217",".327",".278","0.605",30.5,4.5,27.9,"96.267063288","92.142678904",31.2,52.6
"Hernaiz, Darell",687231,2025,197,40,32,5,1,2,".231",".306",".292","0.598",31.4,3.2,30.1,"96.82003961","92.458948824",19.3,50.8
"Perez, Salvador",521692,2025,641,141,76,35,0,30,".236",".446",".284","0.730",35.7,14.8,46.7,"102.06590789","95.318358013",26.9,57.4
"Valdez, Enmanuel",665839,2025,102,19,11,4,2,2,".209",".363",".294","0.657",37.3,8,42.7,"100.139290263","94.238050933",21.5,43.8
"Butler, Lawrence",671732,2025,630,133,80,30,2,21,".234",".404",".306","0.710",34.4,9.2,44.4,"102.147176546","95.442891289",32.9,47
"Bart, Joey",663698,2025,332,71,54,12,1,4,".249",".340",".355","0.695",35.9,10.4,43.2,"101.710723021","95.09948901",28,40.3
"Julien, Edouard",666397,2025,208,40,27,10,0,3,".220",".324",".309","0.633",39,12.2,42.3,"100.268172787","94.521132377",26.1,40.3
"Kiner-Falefa, Isiah",643396,2025,459,113,88,21,2,2,".262",".334",".297","0.631",29.7,1.4,27.5,"95.949940457","91.999728395",15.1,49.1
"Ornelas, Jonathan",680716,2025,10,2,2,0,0,0,".222",".222",".300","0.522",0,0,33.3,"91.96826","92.03467",25,48.8
"Fermín, José",665877,2025,70,17,11,5,0,1,".283",".417",".377","0.794",35.3,0,29.4,"96.5928275","92.389810213",15.2,38.7
"Koss, Christian",683766,2025,191,46,34,9,0,3,".264",".368",".309","0.677",33.6,6,33.6,"99.009245077","93.592311395",31.6,55
"Hummel, Cooper",669450,2025,105,15,12,0,0,3,".170",".273",".298","0.571",31,12.1,37.9,"100.34355","94.891784737",32.4,41.8
"Eaton, Nate",681987,2025,90,24,19,4,0,1,".296",".383",".348","0.731",31.3,6.3,37.5,"98.736911563","93.482995873",17.6,47
"Hedges, Austin",595978,2025,180,25,17,3,0,5,".161",".277",".250","0.527",30.5,3.4,32.2,"98.538487857","93.387313929",30.3,51.7
"Story, Trevor",596115,2025,654,161,107,29,0,25,".263",".433",".308","0.741",32.6,9.8,47,"102.418939954","95.643419306",29.3,54.4
"Workman, Gage",669398,2025,17,3,2,1,0,0,".188",".250",".235","0.485",44.4,11.1,33.3,"96.66793","92.835233333",54.8,59.6
"Freeman, Tyler",671289,2025,428,106,82,20,2,2,".281",".361",".354","0.715",30.7,2.1,40.4,"99.694809259","94.1276813",12.5,46.1
"Rooker, Brent",667670,2025,699,164,91,40,3,30,".262",".479",".335","0.814",39.7,13.7,44.8,"101.348762785","95.08004389",30.8,50
"Moreno, Gabriel",672515,2025,309,79,57,12,1,9,".285",".433",".353","0.786",39.8,7.1,43.4,"99.634329735","94.171203067",18,44
"Carlson, Dylan",666185,2025,241,44,28,9,1,6,".203",".336",".278","0.614",34.8,6.7,30.5,"97.553371852","92.871209136",22.9,45.2
"Dunn, Blake",694362,2025,75,9,6,2,0,1,".150",".233",".320","0.553",25.7,8.6,37.1,"99.079548824","93.890402424",33.1,41.8
"Santana, Carlos",467793,2025,474,91,69,11,0,11,".219",".325",".308","0.633",31.1,4.9,37.8,"99.228050732","93.64377436",24.3,45
"Wilson, Jacob",805779,2025,523,151,112,26,0,13,".311",".444",".355","0.799",32.2,2.2,24.7,"95.136633108","91.576810226",9.6,49.9
"Misner, Kameron",670224,2025,217,42,27,9,1,5,".213",".345",".273","0.618",27.5,5.3,29.8,"98.404901875","93.313993858",34.4,47.3
"Azocar, José",640492,2025,21,5,5,0,0,0,".263",".263",".333","0.596",44.4,0,27.8,"95.900311111","92.283752353",6.3,47.8
"Morel, Christopher",666624,2025,305,61,34,16,0,11,".219",".396",".289","0.685",33.7,14.8,49.7,"103.283549405","96.313953036",38.9,53.8
"Biggio, Cavan",624415,2025,83,12,9,2,0,1,".174",".246",".296","0.542",34,4,36,"97.68916375","93.2967125",25.4,38.1
"Caratini, Victor",605170,2025,386,89,63,14,0,12,".259",".404",".324","0.728",34.7,7.7,40.7,"100.008528662","94.285292852",19.8,46.6
"Alonso, Pete",624413,2025,709,170,90,41,1,38,".272",".524",".347","0.871",38.4,18.9,54.4,"105.076411532","97.45647",25.6,46.3
"Goodman, Hunter",696100,2025,579,150,86,28,5,31,".278",".520",".323","0.843",32.8,12.8,46.9,"102.599968608","95.758645633",32,55
"McCray, Grant",687529,2025,26,2,1,0,1,0,".091",".182",".160","0.342",30.8,15.4,23.1,"97.056798333","92.528399167",32,51.5
"Edman, Tommy",669242,2025,377,78,51,13,1,13,".225",".382",".274","0.656",33.3,4.5,39.9,"99.368114861","93.911672648",19.8,48
"Canha, Mark",592192,2025,125,24,20,3,0,1,".212",".265",".272","0.537",25.3,2.2,33,"97.298217826","92.70554033",23.7,45.8
"Mesa Jr., Victor",683748,2025,38,6,3,2,0,1,".188",".344",".297","0.641",32.1,7.1,42.9,"99.99815","94.431658148",21.3,53.2
"Roden, Alan",702176,2025,153,26,17,6,1,2,".191",".294",".261","0.555",20.6,2,30.4,"97.826416863","92.978674653",23.8,47.2
"Simpson, Chandler",802415,2025,441,122,104,15,3,0,".295",".345",".326","0.671",29.8,0,17.3,"93.5904715","90.810575972",11.5,48.6
"Pagés, Pedro",686780,2025,389,83,57,15,0,11,".230",".363",".272","0.635",32.7,7.3,36.5,"99.396807402","93.764663583",27.7,51.7
"Henderson, Gunnar",683002,2025,651,158,102,34,5,17,".274",".438",".349","0.787",29.9,8.5,49.2,"102.936564389","96.031023084",25.1,47.6
"Whitcomb, Shay",694376,2025,32,4,3,0,0,1,".125",".219",".125","0.344",27.3,4.5,18.2,"93.960595455","91.204309091",33.3,50
"Pillar, Kevin",607680,2025,43,9,7,2,0,0,".209",".256",".209","0.465",34.3,2.9,20,"94.907728333","91.579498",19.1,57.8
"Dubón, Mauricio",643289,2025,398,89,61,21,0,7,".241",".355",".289","0.644",31.7,1.2,26.3,"95.584607","91.821087031",15.8,54.2
"Canario, Alexander",672744,2025,234,47,34,6,1,6,".218",".338",".274","0.612",35.8,12.4,43.8,"101.464192464","94.871333139",39,53.4
"Elko, Tim",671284,2025,72,9,4,1,0,4,".134",".328",".194","0.522",16.2,10.8,48.6,"103.514651579","96.093476757",31.5,50.4
"Cruz, Oneil",665833,2025,544,94,53,18,3,20,".200",".378",".298","0.676",31.5,17.9,56.6,"107.307978467","98.8072552",34,41.6
"Carroll, Corbin",682998,2025,642,146,66,32,17,31,".259",".541",".343","0.884",33.5,14.5,49.9,"103.729438309","96.452659346",24.8,48.9
"Pauley, Graham",688363,2025,184,36,22,9,1,4,".224",".366",".311","0.677",33.9,5.5,35.4,"97.950822063","92.977433016",26.9,47.6
"O'Hearn, Ryan",656811,2025,544,133,94,21,1,17,".281",".437",".366","0.803",38.2,7.6,42.5,"99.566357446","94.072133569",23.3,46.8
"McKinney, Billy",641856,2025,21,4,3,1,0,0,".200",".250",".238","0.488",42.1,0,26.3,"95.055492","91.749746316",23.8,48.8
"Turang, Brice",668930,2025,659,168,120,28,2,18,".288",".435",".359","0.794",35.1,7.9,47.4,"100.614785374","94.892922904",21,44.3
"Laureano, Ramón",657656,2025,488,124,72,26,2,24,".281",".512",".342","0.854",37.1,13.8,49.1,"102.249268272","95.596059444",27.4,47.7
"Kennedy, Buddy",671083,2025,32,2,1,1,0,0,".069",".103",".156","0.259",33.3,4.8,42.9,"98.293987273","93.392088571",24.1,45.7
"Walker, Christian",572233,2025,640,139,87,24,1,27,".238",".421",".297","0.718",34.5,12.9,46.1,"102.499785971","95.668558155",30.5,52.2
"Seigler, Anthony",678011,2025,73,12,11,1,0,0,".194",".210",".292","0.502",43.8,2.1,37.5,"98.248267391","93.527252667",27.4,42.4
"Goldschmidt, Paul",502671,2025,534,134,92,31,1,10,".274",".403",".328","0.731",36.1,7.9,43.7,"100.708316256","94.748625913",20.5,47.8
"India, Jonathan",663697,2025,567,116,78,29,0,9,".233",".346",".323","0.669",33,5.8,36.8,"99.096462296","93.637694783",19.9,40.3
"Nuñez, Nasim",683083,2025,92,19,13,2,0,4,".232",".402",".297","0.699",34.4,4.7,42.2,"98.875752581","93.964415082",25.1,43.9
"Miranda, Jose",669304,2025,36,6,5,0,0,1,".167",".250",".167","0.417",26.1,4.3,43.5,"99.880571667","94.345161304",26.5,53.5
"Kwan, Steven",680757,2025,693,170,129,29,1,11,".272",".374",".330","0.704",39.7,1.9,19.3,"94.357794321","91.185631109",8.7,41.9
"Jones, Jahmai",663330,2025,150,37,18,11,1,7,".287",".550",".387","0.937",38.1,13.4,53.6,"103.078442292","96.185267813",26,45.2
"Ramos, Bryan",682868,2025,12,2,0,2,0,0,".167",".333",".167","0.500",50,12.5,12.5,"89.441365","90.51754125",36.4,56.4
"Aranda, Jonathan",666018,2025,422,117,81,22,0,14,".316",".489",".393","0.882",42.1,12.8,54.5,"102.687689924","96.267280418",24.9,48.6
"Johnston, Troy",687859,2025,121,31,24,2,1,4,".277",".420",".331","0.751",39.5,9.3,40.7,"99.962519286","94.165047024",31,51.6
"Duran, Jarren",680776,2025,696,159,89,41,13,16,".256",".442",".332","0.774",34.5,9.7,46.8,"103.158389163","96.0558783",29.3,47.2
"Lee, Brooks",686797,2025,527,115,83,15,1,16,".236",".370",".285","0.655",30.8,5.8,38.5,"98.1525774","93.309491128",24,49.8
"Acuña Jr., Ronald",660670,2025,412,98,64,12,1,21,".290",".518",".417","0.935",30.9,15.7,52.5,"105.047340254","97.260763686",30.3,46.2
"Winker, Jesse",608385,2025,81,16,8,5,2,1,".229",".400",".309","0.709",29.4,7.8,45.1,"101.052788462","94.994217843",22.4,45.1
"Riley, Austin",663586,2025,447,108,71,20,1,16,".260",".428",".309","0.737",37,15.2,50.2,"104.205844276","96.625096678",29.5,51
"Veen, Zac",691728,2025,37,4,2,1,0,1,".118",".235",".189","0.424",30,5,30,"98.461172222","93.739707778",43.7,62.1
"Gurriel Jr., Lourdes",666971,2025,546,124,79,24,2,19,".248",".418",".295","0.713",37.4,7.2,38.3,"99.058751759","93.630561528",20.2,52.3
"Adell, Jo",666176,2025,573,124,68,18,1,37,".236",".485",".293","0.778",35.1,17.3,50,"104.215712606","96.547484587",28.5,52.6
"Herrera, Jose",645444,2025,204,31,23,6,0,2,".187",".259",".285","0.544",30.8,0.8,22.6,"94.05191082","91.19759124",21.1,38.8
"Fernández, Yanquiel",692585,2025,147,31,22,5,0,4,".225",".348",".265","0.613",31.6,8.4,36.8,"99.730782766","93.889233085",30.7,52.5
"Church, Nathan",701675,2025,65,10,8,1,0,1,".179",".250",".254","0.504",24.4,2.4,41.5,"98.5843615","93.85187",28.1,54.1
"Tolbert, Tyler",686475,2025,57,14,11,2,0,1,".280",".380",".321","0.701",40.5,2.4,38.1,"98.134727","93.317394",26.2,56.6
"Clement, Ernie",676391,2025,588,151,105,35,2,9,".277",".398",".313","0.711",37.1,2.4,26,"95.998970369","92.037389446",14.5,53.8
"Conine, Griffin",665052,2025,86,20,11,7,0,2,".253",".418",".314","0.732",33.3,14.8,48.1,"102.12991","95.268616852",36.1,45.9
"Bryant, Kris",592178,2025,41,6,4,2,0,0,".154",".205",".195","0.400",46.2,7.7,34.6,"97.886280769","93.540250769",35.7,50.3
"Crawford, J.P.",641487,2025,654,151,115,24,0,12,".265",".370",".352","0.722",40,4.8,34.7,"98.225449369","93.184882725",20.4,45.1
"Feduccia, Hunter",676439,2025,105,13,8,5,0,0,".148",".205",".267","0.472",31.1,8.2,32.8,"97.34747871","92.755463607",28.3,44.4
"Anderson, Tim",641313,2025,90,17,14,3,0,0,".205",".241",".258","0.499",20,0,36.4,"97.435145185","92.993100556",31.9,56.1
"Marte, Starling",516782,2025,329,79,56,14,0,9,".270",".410",".335","0.745",32.6,7.8,40.4,"100.870151441","94.586623167",26.4,49.7
"Bell, Josh",605137,2025,533,111,72,16,1,22,".237",".417",".325","0.742",33.4,12,47,"102.549856474","95.682677968",23.6,47
"Soderstrom, Tyler",691016,2025,624,155,95,34,1,25,".276",".474",".346","0.820",34.4,11.4,49.8,"103.023677143","96.015814678",25.4,48.9
"Conforto, Michael",624424,2025,486,83,51,20,0,12,".199",".333",".305","0.638",34.3,9.7,44,"100.8879832","94.86054311",24.9,45.1
"Smith, Pavin",656976,2025,288,63,37,17,1,8,".258",".434",".362","0.796",37,11.7,46.1,"100.556484935","94.576743052",31.8,40.6
"Yelich, Christian",592885,2025,644,151,101,21,0,29,".264",".452",".343","0.795",31.2,10.3,46.4,"102.370284187","95.465991975",29.2,45.7
"Walls, Taylor",670764,2025,317,62,43,14,1,4,".220",".319",".280","0.599",33.5,3.2,26.4,"96.119638571","92.100255905",20.3,45.9
"Garver, Mitch",641598,2025,290,53,38,5,1,9,".209",".343",".297","0.640",31.1,7.9,46.9,"100.635150112","94.896484576",30.7,40.8
"Malloy, Justyn-Henry",669234,2025,127,23,16,6,0,1,".221",".308",".346","0.654",33.8,4.1,31.1,"96.563518919","92.313797703",29.1,40.5
"d'Arnaud, Travis",518595,2025,231,42,23,13,0,6,".197",".343",".255","0.598",34.3,11.4,37.9,"99.193355143","93.8755725",31.9,54.2
"Williams, Luke",663897,2025,34,4,2,2,0,0,".129",".194",".176","0.370",30.4,4.3,27.3,"96.978906364","92.871979524",27.1,52.7
"Báez, Javier",595879,2025,437,107,75,17,3,12,".257",".398",".282","0.680",30.2,5.5,39.9,"99.167878141","93.685508232",30.7,55.1
"Buxton, Byron",621439,2025,542,129,66,21,7,35,".264",".551",".327","0.878",32.9,17.6,53.8,"103.649870983","96.632317826",31.3,51.8
"Urías, Luis",649966,2025,330,66,51,7,0,8,".230",".338",".315","0.653",30.6,3.7,30.2,"96.770464065","92.415126898",13.3,42.2
"Smith, Dominic",642086,2025,225,58,41,12,0,5,".284",".417",".333","0.750",39.2,4.2,35.5,"97.948953012","93.092219394",22.2,49.4
"Thomas, Alek",677950,2025,469,108,77,19,3,9,".249",".370",".289","0.659",27.7,7.8,39.3,"100.704408917","94.569621821",28.7,52.9
"Beck, Jordan",687597,2025,588,139,91,27,5,16,".258",".416",".317","0.733",36.9,9.6,38.5,"100.308269611","94.26308585",31.2,47.4
"Castro, Willi",650489,2025,454,91,60,17,3,11,".226",".366",".313","0.679",36.6,6.5,37.3,"99.398738493","93.724594674",28.2,52.4
"Harris, Brett",695391,2025,84,20,15,5,0,0,".274",".342",".349","0.691",27.8,3.7,27.8,"97.65899","92.8454",24.8,44.3
"Kepler, Max",596146,2025,474,90,53,19,0,18,".216",".391",".300","0.691",34,11.6,44.7,"100.626033742","94.610328405",23.5,48.1
"Fulford, Braxton",690924,2025,120,23,15,5,2,1,".213",".324",".267","0.591",30.7,5.3,38.7,"100.083468947","94.1395428",30.6,48.8
"Palacios, Richie",680700,2025,48,14,11,2,0,1,".333",".452",".396","0.848",41.2,5.9,44.1,"98.478291176","93.239145588",24.1,43.7
"Fairchild, Stuart",656413,2025,55,11,6,4,1,0,".216",".333",".273","0.606",22.2,13.9,36.1,"98.732025625","93.561049355",30.7,51.8
"Cole, Zach",805904,2025,52,12,6,2,0,4,".255",".553",".327","0.880",33.3,14.8,48.1,"104.956450769","96.693444615",42,44.6
"Osuna, Alejandro",696030,2025,176,32,26,4,0,2,".212",".278",".313","0.591",34.5,5.9,37,"100.229705172","94.226966293",19.6,44.2
"Muncy, Max",691777,2025,220,44,28,7,0,9,".214",".379",".259","0.638",33.8,10.1,32.4,"99.591026471","93.796838162",32.6,50.2
"Anthony, Roman",701350,2025,303,75,48,18,1,8,".292",".463",".396","0.859",37.4,15.5,60.3,"103.89544954","97.546625838",29.8,37.4
"McCann, James",543510,2025,137,32,21,6,0,5,".260",".431",".324","0.755",30.4,7.6,52.2,"102.050401522","95.553805275",30.2,49.7
"Heyward, Jason",518792,2025,95,15,11,2,0,2,".176",".271",".223","0.494",22.1,4.4,33.8,"98.149889118","93.15069",26.7,46.4
"Capra, Vinny",681962,2025,105,12,9,2,0,1,".125",".177",".157","0.334",26.3,2.6,32.9,"96.857216667","92.522860282",24.5,44.8
"Gelof, Zack",680869,2025,101,16,11,3,0,2,".174",".272",".230","0.502",35.4,12.5,47.9,"99.654851667","94.271335532",43.2,51.2
"Carpenter, Kerry",681481,2025,464,109,60,18,5,26,".252",".497",".291","0.788",37.4,12.5,46.8,"101.150892761","95.204968523",26.2,52.9
"Martini, Nick",605361,2025,111,23,18,4,0,1,".225",".294",".288","0.582",26.2,3.6,31,"97.063985476","92.605228313",19.1,44.9
"Torres, Gleyber",650402,2025,628,136,98,22,0,16,".256",".387",".358","0.745",38.6,8.2,39,"99.951681689","94.284674897",19.5,40.8
"Meyers, Jake",676694,2025,381,100,80,15,2,3,".292",".373",".354","0.727",34.6,5,38.9,"99.285411377","93.81484913",21.2,47.2
"Teel, Kyle",691019,2025,297,69,50,11,0,8,".273",".411",".375","0.786",47.8,9.6,37.6,"99.256241023","93.683455455",29.1,44.6
"Encarnacion, Jerar",666464,2025,56,11,6,3,0,2,".200",".364",".214","0.578",37.5,5,45,"101.726596","94.9849385",34,50.8
"Sabol, Blake",666165,2025,18,2,1,1,0,0,".125",".188",".167","0.355",20,10,40,"99.726132","93.863066",31.1,52.9
"Rengifo, Luis",650859,2025,541,119,91,16,3,9,".238",".335",".287","0.622",34.7,5,32.7,"97.798023081","92.967555404",21.9,51.6
"Amaya, Jacob",676070,2025,73,7,6,1,0,0,".106",".121",".139","0.260",22.2,0,29.6,"97.032412308","93.052247451",19.6,39.8
"Kim, Ha-Seong",673490,2025,191,40,31,4,0,5,".234",".345",".304","0.649",33.6,5.2,43.3,"99.669184627","94.229750677",15.5,40
"Candelario, Jeimer",600869,2025,91,9,5,2,0,2,".113",".212",".198","0.410",20.8,7.5,28.3,"96.216884815","92.187747736",32.3,49.6
"Lee, Korey",686676,2025,40,9,5,3,0,1,".257",".429",".333","0.762",24.1,3.4,34.5,"98.543971429","93.271985714",27.8,47.1
"Machado, Manny",592518,2025,678,169,109,33,0,27,".275",".460",".335","0.795",34.8,12.9,51.5,"103.43453","96.416401779",26.1,50
"Acosta, Maximo",691185,2025,61,11,7,1,0,3,".204",".389",".295","0.684",37.8,13.5,56.8,"101.57518","95.931934054",29.5,38.2
"McGuire, Reese",624512,2025,140,30,19,2,0,9,".226",".444",".245","0.689",31.2,9.2,36.7,"97.746413462","92.967980769",22.7,55.1
"Reynolds, Bryan",668804,2025,654,144,87,38,3,16,".245",".402",".318","0.720",38.4,10.1,46,"101.932535192","95.465817885",29.4,49.6
"Domínguez, Jasson",691176,2025,429,98,69,18,1,10,".257",".388",".331","0.719",28.9,7,49.6,"102.212663185","95.648499111",27.2,50.4
"Stanton, Giancarlo",519317,2025,281,68,36,8,0,24,".273",".594",".350","0.944",35.7,22.1,55.2,"107.633614026","98.832539221",37.4,41.4
"Espinal, Santiago",669289,2025,328,73,61,12,0,0,".243",".282",".292","0.574",31.3,0.7,25.7,"95.861426183","91.96218977",14.1,45.2
"Flores, Rafael",804668,2025,17,3,1,2,0,0,".200",".333",".294","0.627",62.5,12.5,62.5,"103.9228125","97.4230675",48.8,55.4
"Guillorme, Luis",641645,2025,21,3,3,0,0,0,".150",".150",".190","0.340",33.3,0,25,"94.741063333","91.939935455",28.9,46.9
"Bauers, Jake",641343,2025,218,43,27,9,0,7,".235",".399",".353","0.752",36,13.6,45.6,"102.321269516","95.787091138",26.4,43.1
"Pereira, Everson",677592,2025,73,9,6,1,0,2,".138",".246",".219","0.465",31.6,7.9,44.7,"100.842596842","94.782732368",45.8,46.9
"Alcántara, Kevin",682634,2025,12,4,4,0,0,0,".364",".364",".417","0.781",57.1,0,42.9,"99.630105","94.81727",42.9,45.7
"Lewis, Royce",668904,2025,403,89,58,18,0,13,".237",".388",".283","0.671",33.2,8.7,40.3,"100.418670671","94.408310906",26.7,51
"Brooks, Trenton",670092,2025,43,6,3,2,0,1,".146",".268",".186","0.454",28.6,7.1,35.7,"97.237452857","92.972148148",23.7,55.4
"Smith, Josh",669701,2025,563,124,89,23,2,10,".251",".366",".335","0.701",33.8,5,31.1,"97.379499592","92.713932653",19.6,45.5
"MacIver, Willie",680862,2025,111,19,11,5,0,3,".186",".324",".252","0.576",28,4,37.3,"98.324076053","93.2848816",27.2,54.9
"Marsh, Brandon",669016,2025,425,106,68,25,2,11,".280",".443",".342","0.785",39.1,8.3,46.4,"100.6056675","94.960470849",23.2,47.1
"Ramos, Heliot",671218,2025,695,159,113,24,1,21,".256",".400",".328","0.728",32.5,8.8,47.4,"102.515755862","95.752323082",25.3,47.8
"Maile, Luke",571912,2025,54,11,8,2,0,1,".244",".356",".346","0.702",38.7,6.5,45.2,"101.387447857","95.660297143",27.4,44.4
"Ramírez, Agustín",682663,2025,585,124,69,33,1,21,".231",".413",".287","0.700",31.1,11,47,"103.943810657","96.283585728",25.5,49.9
"Freeman, Cody",683227,2025,121,26,19,4,0,3,".228",".342",".258","0.600",33,4.1,25.8,"94.709205208","91.506490842",13.6,45.1
"Bleday, JJ",668709,2025,344,65,34,17,0,14,".212",".404",".294","0.698",29.5,7.8,38.7,"99.544634679","93.986993226",29.8,44.7
"Frazier, Adam",624428,2025,459,112,85,20,0,7,".267",".365",".319","0.684",39.5,2,20.6,"94.597659294","91.299166588",19.7,51.3
"Jones, Nolan",666134,2025,403,75,54,14,2,5,".211",".304",".296","0.600",35.8,8.5,46.7,"101.479686667","95.273598792",27.9,46.4
"Arias, Gabriel",672356,2025,471,95,57,25,2,11,".220",".363",".274","0.637",33.8,11.3,43.3,"102.355979412","95.517852978",40.5,57.3
"Devers, Rafael",646240,2025,729,153,85,33,0,35,".252",".479",".372","0.851",34.6,16,56.1,"104.005280383","97.028150813",31.6,47.2
"Valera, George",671655,2025,48,9,5,2,0,2,".220",".415",".333","0.748",28.6,3.6,42.9,"102.141089286","95.153796071",29.8,41.4
"Castellanos, Nick",592206,2025,589,137,91,27,2,17,".250",".400",".294","0.694",39,7.6,34.5,"98.623467608","93.407329952",29.9,58.8
"Cameron, Daz",663662,2025,42,8,6,1,0,1,".195",".293",".214","0.507",28.6,7.1,32.1,"99.524880714","94.134041071",24.4,54.1
"Rosario, Amed",642708,2025,191,50,33,11,0,6,".276",".436",".309","0.745",35.1,6,45,"101.6359032","95.1587738",22.2,55.9
"Rafaela, Ceddanne",678882,2025,587,136,82,34,4,16,".249",".414",".295","0.709",32.3,9.2,38.7,"99.637036837","93.97214993",26.8,58.9
"Hamilton, David",666152,2025,194,35,24,4,1,6,".198",".333",".257","0.590",27.8,6,27.8,"97.096658438","92.584142835",22.7,44.5
"Duran, Ezequiel",677649,2025,219,46,32,14,0,0,".224",".293",".266","0.559",30.3,2.6,30.9,"97.791035753","92.897366027",24.4,54.3
"Loftin, Nick",679845,2025,188,35,20,9,2,4,".208",".357",".278","0.635",35.4,6.3,34,"97.565724507","92.851372465",19,46.7
"France, Ty",664034,2025,490,114,82,25,0,7,".257",".360",".320","0.680",35.2,7.7,44.2,"100.76941467","94.788930523",21.3,51.8
"Cortes, Carlos",666126,2025,99,29,16,8,1,4,".309",".543",".323","0.866",36.8,9.2,44.7,"100.428924737","94.537320921",21.4,51.2
"Hassell III, Robert",690987,2025,206,44,32,9,0,3,".223",".315",".257","0.572",34.1,8.1,40.7,"99.261806818","93.737415496",28.8,50.9
"Stowers, Kyle",669065,2025,457,115,66,21,3,25,".288",".544",".368","0.912",38,19,52,"103.093111727","96.214876787",32.5,54
"Robertson, Will",683770,2025,75,9,8,1,0,0,".129",".143",".173","0.316",31.8,9.1,31.8,"96.081497727","92.111820455",35.7,53.8
"Bride, Jonah",681146,2025,125,19,17,2,0,0,".170",".188",".248","0.436",28.4,2.7,28.4,"96.765093784","92.515973243",24.9,33.3
"Perkins, Blake",663368,2025,171,35,24,6,2,3,".226",".348",".298","0.646",30.6,3.7,34.3,"98.425322941","93.623814314",28.4,38.8
"Montgomery, Colson",695657,2025,284,61,30,9,1,21,".239",".529",".311","0.840",35.8,14.5,44.5,"103.036108506","95.789749711",31.5,50.7
"Tovar, Ezequiel",678662,2025,390,91,60,18,4,9,".253",".400",".294","0.694",43.7,9.3,38.9,"100.45095771","94.346705534",31.4,60.7
"Chourio, Jackson",694192,2025,589,148,88,35,4,21,".270",".463",".308","0.771",34,9.7,42.3,"101.15634963","94.875813411",26,53.4
"Mateo, Jorge",622761,2025,83,14,9,4,0,1,".177",".266",".217","0.483",20.4,4.1,36.7,"97.8277768","93.070715306",31.8,52.4
"Flores, Wilmer",527038,2025,463,101,75,10,0,16,".241",".379",".307","0.686",35.6,4.8,26.9,"96.048525988","92.028912096",20.8,46.7
"Trammell, Taylor",666211,2025,135,23,13,7,0,3,".197",".333",".296","0.629",33.8,7.8,40.3,"100.305634865","94.610534865",38.6,45.5
"Kingery, Scott",664068,2025,29,4,3,1,0,0,".148",".185",".207","0.392",12.5,6.3,31.3,"98.784984286","93.758946429",40,57.7
"Altuve, Jose",514888,2025,654,156,105,24,1,26,".265",".442",".329","0.771",29.8,6.2,30.9,"97.313797857","92.666821705",20.7,50
"Alexander, CJ",680769,2025,17,3,3,0,0,0,".176",".176",".176","0.352",22.2,0,11.1,"89.636234","90.093032222",44.4,53.7
"Kelenic, Jarred",672284,2025,65,10,6,2,0,2,".167",".300",".231","0.531",21.6,13.5,37.8,"100.910482778","94.461611389",41.5,50.4
"LeMahieu, DJ",518934,2025,142,34,29,3,0,2,".266",".336",".338","0.674",28,4.3,51.6,"101.062913913","95.603953804",22,42.1
"Schuemann, Max",680474,2025,213,36,28,4,2,2,".197",".273",".295","0.568",34.9,2.6,32.9,"97.241612703","92.809173741",24.4,45.5
"Wagaman, Eric",676572,2025,514,119,79,28,3,9,".250",".378",".296","0.674",34.4,6.8,46.5,"102.304067053","95.484613553",24.2,45.2
"Friedl, TJ",670770,2025,685,151,113,22,2,14,".261",".378",".364","0.742",33.4,2.7,32.1,"97.485236416","92.822655233",17.5,39.2
"Vargas, Miguel",678246,2025,569,118,68,32,2,16,".234",".401",".316","0.717",36.6,9.3,40.5,"99.545761182","94.110815049",20.6,46.2
"Vázquez, Luis",676679,2025,53,8,6,1,0,1,".160",".240",".208","0.448",38.9,11.1,44.4,"100.387227059","94.647829412",34.6,54.7
"Call, Alex",669743,2025,322,72,52,13,2,5,".267",".385",".361","0.746",32.4,4.4,28.9,"97.303531852","92.783138698",19.2,38.5
"Campusano, Luis",669134,2025,27,0,0,0,0,0,".000",".000",".222","0.222",0,0,30,"96.979674","92.729879",38.6,34.9
"Pham, Tommy",502054,2025,449,96,68,17,1,10,".245",".370",".330","0.700",32.7,6.6,47.2,"102.224109934","95.517309701",22.9,42.7
"Solano, Donovan",456781,2025,179,41,33,4,1,3,".247",".337",".291","0.628",35.9,3.9,37.5,"97.96341","93.101891328",26.4,51.7
"Teodosio, Bryce",669326,2025,150,28,18,7,2,1,".203",".304",".248","0.552",23.4,4.3,26.6,"96.560468889","92.308938778",37.3,62.8
"Lawlar, Jordan",691783,2025,74,12,5,7,0,0,".182",".288",".257","0.545",36.6,4.9,34.1,"97.86948","93.084547949",33.3,44.2
"Doyle, Brenton",686668,2025,538,117,77,23,2,15,".233",".376",".274","0.650",33,10.8,44.6,"101.00400956","94.812165962",29.7,50.4
"Ramírez, José",608070,2025,673,168,101,34,3,30,".283",".503",".360","0.863",36.4,7,37,"99.107451103","93.765336362",14.9,46.8
"Ibáñez, Andy",628451,2025,193,42,30,8,0,4,".239",".352",".301","0.653",32.5,4.6,36.4,"98.636547027","93.431222703",18.5,51.4
"Isbel, Kyle",664728,2025,409,94,70,16,4,4,".255",".353",".301","0.654",26.5,1.6,36.1,"99.661835734","93.907481368",18.2,46.5
"Stevens, Chad",677060,2025,14,2,2,0,0,0,".154",".154",".154","0.308",28.6,0,14.3,"91.684333333","89.925846667",26.7,54.5
"Tauchman, Mike",643565,2025,385,88,61,17,1,9,".263",".400",".356","0.756",35.6,6.8,38.8,"99.55421704","93.9989049",24.3,46.8
"Meadows, Parker",678009,2025,213,41,29,6,2,4,".215",".330",".291","0.621",36,5.1,30.9,"97.783717273","92.930370153",28.8,44.5
"Monasterio, Andruw",655316,2025,135,34,21,9,0,4,".270",".437",".319","0.756",43.6,5.3,35.1,"96.826778511","92.50592129",26,47
"Campero, Gustavo",672569,2025,66,10,6,1,0,3,".172",".345",".273","0.618",27.3,6.8,22.7,"95.820476364","92.031090233",27.6,48.9
"Suzuki, Seiya",673548,2025,651,140,74,31,3,32,".245",".478",".326","0.804",40.2,16.6,48.7,"102.931278798","95.890233373",23.9,40.6
"Davis, Henry",680779,2025,283,42,28,7,0,7,".167",".278",".234","0.512",33,11.5,37.4,"100.464622889","94.376065531",28.9,55.3
"Matthews, Brice",694728,2025,47,7,3,0,0,4,".167",".452",".222","0.674",41.7,25,41.7,"102.907875455","96.055640476",50.6,49.7
"Farmer, Kyle",571657,2025,300,63,41,14,0,8,".227",".365",".280","0.645",37.6,6.1,35.2,"97.85606783","93.102847062",21.5,48.5
"Thomas, Lane",657041,2025,142,20,14,2,0,4,".160",".272",".246","0.518",26.5,4.8,31.3,"98.390208571","93.283397831",32.1,43.7
"O'Hoppe, Logan",681351,2025,451,90,62,8,1,19,".213",".371",".258","0.629",33.6,13.3,46.9,"101.727337413","95.336562491",32.9,52.2
"Harris, Dustin",687957,2025,43,8,4,3,0,1,".200",".350",".256","0.606",37,3.7,25.9,"95.675450714","91.979863333",24.5,52.2
"Siri, Jose",642350,2025,36,2,0,2,0,0,".063",".125",".167","0.292",33.3,20,33.3,"96.38954625","92.849020667",42,50
"Bichette, Bo",666182,2025,628,181,118,44,1,18,".311",".483",".357","0.840",37.9,7.9,48.8,"101.819073862","95.502667967",18.4,53.1
"DeLuca, Jonny",676356,2025,59,19,15,1,3,0,".333",".456",".356","0.812",31.8,2.3,31.8,"97.202066364","92.618060227",23.9,50.4
"Kjerstad, Heston",677008,2025,167,30,19,5,2,4,".192",".327",".240","0.567",40.2,8,41.1,"99.548861786","93.904868661",28.4,56.6
"Lux, Gavin",666158,2025,503,120,85,28,2,5,".269",".374",".350","0.724",38.1,3.6,36.9,"97.799033473","93.010295676",21.6,42.7
"Happ, Ian",664023,2025,663,138,83,32,0,23,".243",".420",".342","0.762",35.7,10.4,44.4,"101.384139763","95.030374418",24.6,43.5
"Keith, Colt",690993,2025,468,106,69,22,2,13,".256",".413",".333","0.746",41.1,9.2,43.7,"100.641926329","94.686217184",22.5,44.9
"Hiura, Keston",669374,2025,21,4,3,1,0,0,".222",".278",".333","0.611",36.4,0,18.2,"93.138543333","91.423364545",31.7,54.7
"Sosa, Lenyn",672820,2025,544,137,94,20,1,22,".264",".434",".293","0.727",39.2,10.4,43.8,"100.914668265","94.870690765",23.5,51
"Cabrera, Oswaldo",665828,2025,122,26,21,4,0,1,".243",".308",".322","0.630",31,0,34.5,"97.700893415","93.00878321",24.3,48.5
"Gorski, Matt",685301,2025,42,8,5,0,1,2,".195",".390",".214","0.604",32,12,32,"97.866259231","93.1304548",38.9,49.7
"Bader, Harrison",664056,2025,501,124,82,24,1,17,".277",".449",".347","0.796",33,10.2,40.3,"100.565887134","94.337735112",29,47.9
"Burleson, Alec",676475,2025,546,144,98,26,2,18,".290",".459",".343","0.802",34,9.5,43,"101.386484258","95.130209592",17.9,49.3
"Soler, Jorge",624585,2025,315,60,36,12,0,12,".215",".387",".293","0.680",31.9,12.8,42,"101.751590213","95.016723457",30.1,44.5
"Slater, Austin",596103,2025,160,32,20,6,1,5,".216",".372",".270","0.642",41.8,14.3,48,"102.50208234","95.83755734",27.1,49.8
"Navarreto, Brian",640459,2025,15,4,1,2,0,1,".286",".643",".267","0.910",25,25,66.7,"103.398066667","97.726545",25,57.1
"Cowser, Colton",681297,2025,360,64,34,14,0,16,".196",".385",".269","0.654",32.7,14.1,46,"101.565652323","95.12341401",34.6,42.4
"Helman, Michael",680737,2025,110,23,12,5,1,5,".232",".455",".290","0.745",24.7,8.6,24.7,"94.505061053","91.595129467",24.1,55.3
"Herrera, Iván",671056,2025,452,110,78,13,0,19,".284",".464",".373","0.837",33.8,11,47.7,"102.882753464","95.975006557",23.3,45.1
"Andujar, Miguel",609280,2025,341,102,74,17,1,10,".318",".470",".352","0.822",31.8,4.7,35.4,"98.982146397","93.528504007",17.8,53.5
"Pérez, Wenceel",672761,2025,383,84,50,17,4,13,".244",".430",".308","0.738",37.8,8.8,40.1,"99.315106565","93.97487416",26,49.3
"Nimmo, Brandon",607043,2025,652,154,102,27,0,25,".262",".436",".324","0.760",29.7,8.8,50.2,"102.56356141","95.897196556",23.8,47.2
"Locklear, Tyler",682988,2025,116,18,15,0,0,3,".175",".262",".267","0.529",18.3,6.7,41.7,"100.538864667","94.491840333",32.2,48.8
"Senger, Hayden",663584,2025,78,13,12,1,0,0,".181",".194",".221","0.415",28.8,3.8,38.5,"99.78424","94.065760204",33.1,54.7
"Pozo, Yohel",650968,2025,168,37,24,8,0,5,".231",".375",".262","0.637",29.5,2.2,35.3,"98.211883478","93.14336927",19.8,60.7
"Matos, Luis",682641,2025,184,38,20,9,1,8,".221",".424",".266","0.690",33.6,7.5,37.7,"98.432457397","93.368412329",20.1,51.4
"Correa, Carlos",621043,2025,584,148,106,29,0,13,".276",".402",".332","0.734",34.6,6.8,45.9,"102.338902322","95.568245592",22.3,46.4
"Peters, Tristan",671976,2025,12,0,0,0,0,0,".000",".000",".000","0.000",40,0,40,"98.07012","94.042072",45.8,52.2
"Basallo, Samuel",694212,2025,118,18,8,6,0,4,".165",".330",".229","0.559",20.3,8.9,43,"101.75076075","95.101636582",29.4,56
"Rave, John",670231,2025,175,30,21,5,0,4,".196",".307",".283","0.590",25.5,5.5,40,"100.331691373","94.211258235",24.2,42.5
"Keaschall, Luke",807712,2025,207,55,37,14,0,4,".302",".445",".382","0.827",38.3,5.2,31.2,"97.107228701","92.654308562",18.5,42
"Caminero, Junior",691406,2025,653,159,86,28,0,45,".264",".535",".311","0.846",27.7,14,51.4,"104.467588678","96.871000041",24.7,50.4
"Muncy, Max",571970,2025,388,76,45,10,2,19,".243",".470",".376","0.846",37.4,13.6,51.5,"101.909755678","95.532473957",23.5,42.4
"Caballero, José",676609,2025,370,74,50,18,1,5,".236",".347",".339","0.686",36.5,5.9,30.6,"97.838589423","92.958973317",26.7,45
"Narváez, Omar",553882,2025,10,2,2,0,0,0,".286",".286",".400","0.686",28.6,0,14.3,"94.2214","91.555085714",15.8,44.2
"Larnach, Trevor",663616,2025,567,126,84,24,1,17,".250",".404",".323","0.727",34.9,7.2,45.7,"101.351578402","95.134984031",29.8,44.5
"Adames, Willy",642715,2025,686,133,79,22,2,30,".225",".421",".318","0.739",35.6,12.6,42.8,"99.897786476","94.18327716",29.2,46.7
"Crooks, Jimmy",699625,2025,46,6,4,0,1,1,".133",".244",".152","0.396",17.9,7.1,39.3,"99.601929286","94.402205357",25,50.3
"Ohtani, Shohei",660271,2025,727,172,83,25,9,55,".282",".622",".392","1.014",35.9,23.5,58.7,"106.126015352","98.277186118",33.4,45
"Caissie, Owen",683357,2025,27,5,3,1,0,1,".192",".346",".222","0.568",53.3,13.3,20,"96.226985","92.584956",39.7,61.2
"Barrero, José",676480,2025,31,4,2,1,0,1,".138",".276",".194","0.470",25,5,20,"92.891037","90.926829",24.6,53.9
"Pasquantino, Vinnie",686469,2025,682,164,98,33,1,32,".264",".475",".323","0.798",33.5,10.8,44.7,"101.339574109","95.022747112",18.2,48
"Schneider, Davis",676914,2025,227,44,28,5,0,11,".234",".436",".361","0.797",27.9,14,41.1,"100.329632154","94.696231395",28.5,42.7
"Jackson, Alex",656577,2025,100,20,7,8,0,5,".220",".473",".290","0.763",40.7,14.8,40.7,"102.546793333","95.380737963",38.9,50.9
"Fry, David",681807,2025,157,25,13,4,0,8,".171",".363",".229","0.592",23.9,9.1,39.8,"99.144653488","93.742049535",32.6,52.6
"Sánchez, Ali",645305,2025,23,5,3,2,0,0,".217",".304",".217","0.521",35.3,17.6,41.2,"99.177534444","93.917518235",20.4,61.3
"Barger, Addison",680718,2025,502,112,58,32,1,21,".243",".454",".301","0.755",35.5,11.4,51,"103.716706784","96.416377947",26.1,49.2
"Toro, Abraham",647351,2025,284,62,42,13,0,7,".239",".371",".289","0.660",32,4.5,34.2,"97.83336","92.947994955",20.4,49.6
"Lile, Daylen",695734,2025,351,96,61,15,11,9,".299",".498",".347","0.845",44.2,5.2,40.1,"99.156241493","93.671687761",18.9,52.2
"Hernández, Heriberto",681715,2025,294,68,45,12,1,10,".266",".438",".347","0.785",29,10.9,45.4,"101.299416264","95.054874807",35.2,45.2
"Vaughn, Andrew",683734,2025,447,103,67,22,0,14,".254",".411",".307","0.718",38.4,12,47.7,"101.722005241","95.420312018",21.7,46.9
"Acuña, Luisangel",682668,2025,193,41,34,7,0,0,".234",".274",".293","0.567",29.8,1.4,35.5,"99.435407273","93.76929803",22.3,49.1
"Rocchio, Brayan",677587,2025,383,80,55,18,2,5,".233",".340",".290","0.630",33.3,3.3,35.5,"98.267840896","93.292344494",24,51.4
"Gonzalez, Romy",663853,2025,341,96,61,23,3,9,".305",".483",".343","0.826",33.5,12.6,57.3,"104.23239437","97.196095588",29.3,54
"Jensen, Carter",695600,2025,69,18,9,6,0,3,".300",".550",".391","0.941",41.7,20.8,58.3,"105.665572083","98.411932917",24.6,48.5
"Ward, Taylor",621493,2025,663,132,63,31,2,36,".228",".475",".317","0.792",34.9,13.7,42.7,"100.944753902","94.843614171",23.8,37.6
"Alfaro, Jorge",595751,2025,39,10,8,2,0,0,".256",".308",".256","0.564",40,8,44,"100.574966154","94.5389824",34.7,69.9
"Alexander, Blaze",677942,2025,266,53,33,12,1,7,".230",".383",".323","0.706",35.8,12.8,43.2,"100.976531667","94.769820208",31,47.4
"Triolo, Jared",669707,2025,376,75,48,18,2,7,".227",".356",".311","0.667",34.4,6.2,38.2,"99.337682857","93.864443413",24,47.2
"Devanney, Cam",687478,2025,38,5,4,1,0,0,".139",".167",".184","0.351",33.3,6.7,46.7,"99.4550525","94.456061333",45.2,51.9
"Mayo, Coby",691723,2025,294,57,34,12,0,11,".217",".388",".299","0.687",33,10.1,36,"99.691533371","93.857359663",30.6,45.3
"Horwitz, Spencer",687462,2025,411,99,62,26,0,11,".272",".434",".353","0.787",38.7,8.2,36,"98.063965931","93.094774414",17.8,46.3
"Haggerty, Sam",664059,2025,182,41,29,7,3,2,".253",".370",".328","0.698",34.9,2.4,42.1,"99.873902459","94.182853197",26.3,50.2
"Gonzales, Nick",693304,2025,408,99,73,18,3,5,".260",".362",".299","0.661",31.7,4.5,38.8,"99.501335385","94.022817942",24.7,57.4
"Profar, Jurickson",595777,2025,371,78,47,16,1,14,".245",".434",".353","0.787",27,7.3,40.3,"99.565421094","94.049759844",16.9,44.7
"Greene, Riley",682985,2025,655,155,87,31,1,36,".258",".493",".313","0.806",36.9,17.1,45.5,"102.573683564","95.50996453",30.9,52.6
"Moore, Dylan",664238,2025,243,44,28,5,0,11,".201",".374",".267","0.641",34.3,8.6,34.3,"97.881551857","92.946941714",33.3,48.7
"Nido, Tomás",621512,2025,37,12,12,0,0,0,".343",".343",".361","0.704",38.5,0,34.6,"97.705402308","93.0468092",25.7,58.8
"House, Brady",691781,2025,274,61,46,11,0,4,".234",".322",".252","0.574",36.2,4.3,46.3,"101.278758298","94.962086257",30.9,57.2
"Mullins, Cedric",656775,2025,498,94,53,23,1,17,".216",".391",".299","0.690",32.7,6.2,35.9,"98.760333806","93.525071065",23.1,48.3
"Dalbec, Bobby",666915,2025,21,4,3,1,0,0,".222",".278",".333","0.611",25,0,25,"93.579386667","91.948094545",35.1,42.5
"Suwinski, Jack",669261,2025,178,22,12,7,0,3,".147",".253",".281","0.534",35.5,11.8,38.7,"100.555321489","94.441022581",32.1,39.8
"White, Eli",642201,2025,271,60,39,8,3,10,".234",".406",".270","0.676",34.6,9,40.4,"100.120268901","94.122021978",26.2,52.9
"Wagner, Will",695238,2025,149,29,22,7,0,0,".225",".279",".324","0.603",31.4,2,41.2,"98.7454226","93.4040769",22.4,49.5
"Johnson, Daniel",669288,2025,57,10,6,3,0,1,".189",".302",".246","0.548",30,12.5,42.5,"101.561793","94.954765641",33,50.5
"Arraez, Luis",650333,2025,675,181,139,30,4,8,".292",".392",".327","0.719",37.1,1.1,16.7,"93.590259064","90.800701323",5.3,49.4
"Banfield, Will",677943,2025,10,1,1,0,0,0,".100",".100",".100","0.200",25,0,25,"90.966405","92.41024",34.6,59.1
"Ahmed, Nick",605113,2025,10,0,0,0,0,0,".000",".000",".100","0.100",16.7,0,16.7,"93.38864","90.69432",50,58.1
"Hurtubise, Jacob",674441,2025,15,1,1,0,0,0,".083",".083",".267","0.350",16.7,0,16.7,"94.89156","92.071823333",25.9,43.5
"Montes, Coco",663796,2025,10,2,2,0,0,0,".200",".200",".200","0.400",28.6,0,42.9,"100.900335","95.37162",27.3,40.7
"Black, Tyler",672012,2025,13,2,1,1,0,0,".250",".375",".538","0.913",42.9,0,28.6,"92.6937675","92.279112857",33.3,38.9
"Vilade, Ryan",668723,2025,15,1,1,0,0,0,".077",".077",".200","0.277",25,12.5,75,"105.358295","99.62571875",21.2,55
"León, Sandy",506702,2025,12,1,0,0,0,1,".083",".333",".083","0.416",0,0,25,"96.35583","92.177915",26.1,56.1
"Barnhart, Tucker",571466,2025,15,3,3,0,0,0,".231",".231",".333","0.564",22.2,0,11.1,"95.017356","91.959773333",4,43.1
"Machín, Vimael",605353,2025,12,1,0,0,0,1,".091",".364",".167","0.531",33.3,11.1,33.3,"93.927468","92.441366667",30.4,60.5
"Solak, Nick",669256,2025,11,1,1,0,0,0,".091",".091",".091","0.182",22.2,0,33.3,"95.071828","93.087371111",31.6,57.6
"Miller, Owen",680911,2025,17,2,2,0,0,0,".143",".143",".294","0.437",10,0,20,"92.43828","92.288553333",12.5,47.1
"Brennan, Will",686823,2025,13,1,1,0,0,0,".091",".091",".231","0.322",0,0,30,"93.066842","91.236264",25,43.5
"Kavadas, Niko",694359,2025,23,2,2,0,0,0,".100",".100",".217","0.317",30,0,30,"96.565082","92.442774",33.3,36.1
"Siani, Michael",672279,2025,19,4,4,0,0,0,".235",".235",".316","0.551",30,0,20,"90.027405","91.30917125",30.3,47.8
"Julks, Corey",667452,2025,13,3,1,2,0,0,".250",".417",".231","0.648",50,0,20,"94.967672","91.624602",28,50
"Salazar, César",663967,2025,16,3,3,0,0,0,".231",".231",".375","0.606",36.4,0,18.2,"90.575304","90.340894444",26.9,54.2
"Bae, Ji Hwan",678225,2025,25,1,1,0,0,0,".050",".050",".240","0.290",18.2,18.2,36.4,"97.659576","92.829788",41.7,47.1
"Baddoo, Akil",668731,2025,18,2,1,1,0,0,".118",".176",".167","0.343",33.3,0,41.7,"99.63324","93.81662",30.6,66.7
"Avans, Drew",682183,2025,18,2,2,0,0,0,".118",".118",".111","0.229",25,0,16.7,"93.841003333","91.511944545",17,59.5
"Ornelas, Tirso",672359,2025,16,1,1,0,0,0,".071",".071",".188","0.259",16.7,8.3,41.7,"99.520206667","94.265940833",14.3,45.2
"Winkler, Jack",676466,2025,16,4,2,2,0,0,".250",".375",".250","0.625",41.7,8.3,25,"96.296288333","92.148144167",26.3,50.7
"Kaiser, Connor",663731,2025,19,2,1,1,0,0,".111",".167",".158","0.325",38.5,7.7,23.1,"94.398548333","91.245205833",31.3,47.1
"McCusker, Carson",676812,2025,30,5,5,0,0,0,".172",".172",".200","0.372",15.4,7.7,30.8,"93.697048571","92.709609231",51.7,45.8
"Ruiz, Esteury",665923,2025,23,4,3,0,0,1,".190",".333",".261","0.594",15.4,7.7,23.1,"94.73533","91.804691667",48.9,53.4
"English, Tristin",663536,2025,23,2,1,1,0,0,".091",".136",".130","0.266",35.7,0,35.7,"96.88706","92.885800714",19.6,52.6
"McCoy, Mason",669200,2025,26,3,2,1,0,0,".136",".182",".269","0.451",46.7,13.3,26.7,"94.701915","92.222856667",34.1,42.3
"Villar, David",681584,2025,25,4,3,1,0,0,".200",".250",".360","0.610",26.7,6.7,26.7,"95.64807875","92.744836667",34.2,40
"Tromp, Chadwick",644433,2025,22,3,1,1,0,1,".143",".333",".182","0.515",26.7,6.7,40,"99.032555714","93.664829286",25.8,44.9
"Eldridge, Bryce",805811,2025,37,3,1,2,0,0,".107",".179",".297","0.476",25,25,68.8,"105.11026","98.515259375",35.4,40.6
"Stefanic, Michael",683021,2025,25,4,4,0,0,0,".182",".182",".280","0.462",21.1,5.3,42.1,"97.646602","93.775205789",16.2,37.8
"Guzman, Denzer",694203,2025,43,8,5,1,0,2,".190",".357",".209","0.566",25,15,45,"100.068671","94.0362085",42.4,52.3
"Kreidler, Ryan",668952,2025,44,4,4,0,0,0,".105",".105",".190","0.295",38.1,4.8,28.6,"98.99076","93.991411579",41.8,50.8
"Davidson, Logan",669722,2025,47,7,4,2,0,1,".167",".286",".222","0.508",13.6,4.5,27.3,"98.252886","93.396255789",37.5,47.1
"Jiménez, Leo",677870,2025,32,2,1,0,0,1,".069",".172",".129","0.301",22.7,9.1,50,"101.288531818","95.453145714",21.3,42.7
"Hinds, Rece",677956,2025,44,5,2,1,0,2,".116",".279",".136","0.415",31.8,18.2,50,"102.76882","96.340739545",52.7,54.4
"Reyes, Pablo",622569,2025,34,6,5,1,0,0,".194",".226",".242","0.468",27.3,4.5,31.8,"96.85312","92.42656",24.6,43.5
"Noda, Ryan",676116,2025,59,5,4,0,0,1,".106",".170",".276","0.446",21.7,8.7,34.8,"99.337918182","93.769506364",44.1,40.2
"Baker, Luken",663609,2025,41,8,5,3,0,0,".235",".324",".366","0.690",25,8.3,54.2,"103.404434167","97.450175",32.9,42.9
"Bliss, Ryan",669208,2025,39,7,5,1,0,1,".200",".314",".282","0.596",37.5,12.5,33.3,"98.429506667","93.231437917",37.1,46.4
"Rivero, Sebastián",665861,2025,34,6,4,2,0,0,".182",".242",".206","0.448",41.7,8.3,29.2,"96.9734025","92.64067875",35.4,62.2
"Handley, Maverick",668974,2025,47,3,3,0,0,0,".073",".073",".133","0.206",26.9,0,34.6,"96.465391667","92.232695833",35.8,51.9
"Gurriel, Yuli",493329,2025,40,4,3,1,0,0,".111",".139",".200","0.339",14.3,0,17.9,"94.735272857","91.508708519",18.6,47.3
"Young, Jared",676724,2025,47,8,3,1,0,4,".186",".488",".234","0.722",39.3,14.3,39.3,"98.880852143","93.560503571",33,49
"Hilliard, Sam",656541,2025,61,10,4,3,1,2,".196",".412",".328","0.740",21.4,17.9,57.1,"103.536915714","97.178934444",39.2,43.5
"Huff, Sam",669087,2025,58,11,8,1,0,2,".208",".340",".259","0.599",34.5,13.8,37.9,"98.959443333","93.867601034",41.7,46.6
"Barnes, Austin",605131,2025,44,9,6,3,0,0,".214",".286",".233","0.519",34.5,3.4,20.7,"94.497949286","91.446035714",28.6,42.7
"De La Cruz, Bryan",650559,2025,50,9,8,1,0,0,".191",".213",".240","0.453",44.8,6.9,51.7,"101.415012","95.216104483",34,54.2
"Fletcher, Dominic",666150,2025,34,7,1,5,0,1,".219",".469",".265","0.734",23.3,3.3,40,"99.682667333","94.087066333",11.8,52.3
"Jung, Jace",690291,2025,55,5,5,0,0,0,".106",".106",".236","0.342",29,3.2,38.7,"99.26483","93.838995161",23.6,47.7
"Short, Zack",670097,2025,56,11,7,2,0,2,".220",".380",".291","0.671",18.2,3,39.4,"98.439797333","93.533943333",29.4,40.5
"Nola, Austin",543592,2025,41,7,6,1,0,0,".184",".211",".225","0.436",35.3,0,44.1,"98.003522941","93.431973333",16.4,49.3
"Wiemer, Joey",686894,2025,61,13,8,2,0,3,".236",".436",".279","0.715",38.2,14.7,61.8,"101.055430588","95.594696176",33.1,56.6
"Maton, Nick",665155,2025,63,9,5,2,0,2,".167",".315",".286","0.601",22.9,5.7,37.1,"98.372717222","93.408373143",40.5,46.4
"Trejo, Alan",676701,2025,43,7,5,2,0,0,".175",".225",".190","0.415",17.1,8.6,28.6,"96.444043529","92.222021765",22.1,58.1
"Melendez, MJ",669004,2025,65,5,2,2,0,1,".083",".167",".154","0.321",21.6,8.1,45.9,"99.71341","94.594313514",41,47.8
"Rodríguez, Endy",682848,2025,57,9,5,4,0,0,".173",".250",".246","0.496",36.8,2.6,44.7,"99.320391053","94.658298919",24.5,45.9
"Fitzgerald, Ryan",680837,2025,53,9,5,0,0,4,".196",".457",".302","0.759",23.7,13.2,34.2,"98.701469444","93.402850833",28.7,44.8
"Crim, Blaine",688760,2025,74,13,6,2,0,5,".200",".462",".270","0.732",46.2,15.4,53.8,"102.3841365","96.130850513",35.4,44.7
"Haase, Eric",606992,2025,77,16,11,3,0,2,".229",".357",".289","0.646",30,10,22.5,"95.763671","92.169992051",36.7,46.9
"Stewart, Sal",701398,2025,58,14,8,1,0,5,".255",".545",".293","0.838",35,17.5,52.5,"103.545688","97.170707692",23.9,52.1
"Melton, Jacob",689200,2025,78,11,10,0,1,0,".157",".186",".234","0.420",19.5,4.9,43.9,"101.09519619","94.913117561",35.5,45.5
"Brown, Seth",664913,2025,76,12,9,2,0,1,".185",".262",".303","0.565",40.5,9.5,40.5,"98.639958095","93.322191667",32.4,48.7
"Wisely, Brett",689172,2025,63,10,5,4,0,1,".185",".315",".279","0.594",28.6,7.1,31,"96.461614","92.230807",20.9,49.4
"Vivas, Jorbit",678391,2025,66,9,6,2,0,1,".161",".250",".266","0.516",32.6,4.7,37.2,"97.064059545","92.664742791",25.4,49.6
"Millas, Drew",686452,2025,55,15,9,5,1,0,".306",".449",".358","0.807",32.6,2.3,23.3,"95.710318571","91.855159286",19.4,46.9
"Ballesteros, Moisés",694208,2025,66,17,12,2,1,2,".298",".474",".394","0.868",31.1,6.7,33.3,"99.939276087","94.363866444",26.7,46.6
"Chaparro, Andrés",665953,2025,73,12,9,2,0,1,".182",".258",".247","0.505",35.6,11.1,37.8,"99.91851","94.142261778",32.9,50.7
"Lugo, Matthew",683090,2025,70,16,9,2,1,4,".232",".464",".243","0.707",33.3,13.3,42.2,"100.425752174","94.652896667",37.6,51.7
"Gonzalez, Oscar",660757,2025,61,13,12,1,0,0,".220",".237",".246","0.483",34.8,6.5,45.7,"100.983558261","94.74139413",27.1,66.7
"Seymour, Bob",676044,2025,83,16,13,1,1,1,".205",".282",".253","0.535",23.9,0,47.8,"100.880754348","94.768931304",36.7,56.3
"Rodríguez, Johnathan",671286,2025,77,14,7,4,1,2,".197",".366",".260","0.626",28.6,6.1,55.1,"103.9406876","96.875623061",37.7,44.1
"Pereda, Jhonny",640902,2025,78,17,11,6,0,0,".246",".333",".325","0.658",26.5,4.1,44.9,"100.866635417","94.433317708",30,42
"Freeland, Alex",690976,2025,97,16,11,2,1,2,".190",".310",".292","0.602",32,8,38,"98.387745","93.686567447",30.5,38.2
"Hampson, Garrett",641658,2025,91,11,9,2,0,0,".143",".169",".250","0.419",25.5,2,19.6,"93.03904913","90.521580435",22.5,39.6
"Keirsey Jr., DaShawn",680577,2025,88,9,7,0,0,2,".107",".179",".138","0.317",19.2,5.8,34.6,"98.1940692","93.1913766",25.4,52
"Barrosa, Jorge",678489,2025,77,10,6,3,0,1,".141",".225",".169","0.394",26.9,0,30.8,"96.6119248","92.468888",26.9,48.9
"Joe, Connor",656582,2025,80,13,9,4,0,0,".186",".243",".263","0.506",38.5,5.8,36.5,"99.612808846","94.084837843",20.7,40.4
"Yorke, Nick",694377,2025,72,16,12,3,0,1,".232",".319",".264","0.583",25.9,1.9,38.9,"98.7823","93.529267358",22.3,52.1
"Peguero, Liover",678894,2025,88,16,11,1,0,4,".200",".362",".273","0.635",21.8,9.1,32.7,"97.231876667","92.703338148",33.6,41
"Williams, Carson",700246,2025,106,17,9,3,0,5,".172",".354",".219","0.573",30.4,8.9,35.7,"97.9481525","93.165114909",38.3,49.6
"Johnson, Bryce",669369,2025,84,26,21,4,0,1,".342",".434",".383","0.817",45,5,33.3,"98.348224231","93.548018627",25.7,48.8
"Gray, Tristan",656484,2025,86,18,10,5,0,3,".231",".410",".282","0.692",42.6,13.1,44.3,"101.892879333","95.131409333",31.9,52.7
"Dezenzo, Zach",701305,2025,109,24,16,6,0,2,".245",".367",".321","0.688",42.6,16.4,41,"100.586424839","94.450580984",33.5,44.2
"Simon, Ronny",682927,2025,88,18,15,3,0,0,".234",".273",".299","0.572",27.7,6.2,36.9,"98.654906875","93.41201619",17.4,44.9
"Sánchez, Gary",596142,2025,101,21,14,2,0,5,".231",".418",".297","0.715",24.6,10.8,57.8,"103.08155625","96.651706563",26.7,42.4
"Vierling, Matt",663837,2025,100,21,17,3,0,1,".239",".307",".310","0.617",27.3,12.1,45.5,"100.691921212","95.080868939",18.5,44.7
"Rivas, Leo",660844,2025,111,22,18,2,0,2,".244",".333",".387","0.720",33.3,3,19.7,"94.335269697","91.255144",22.6,34
"Paris, Kyren",677347,2025,140,24,13,4,1,6,".190",".381",".266","0.647",34.3,16.4,47.8,"100.929316364","94.91915303",45.7,49.2
"Bruján, Vidal",660644,2025,95,22,17,5,0,0,".253",".310",".305","0.615",35.8,0,37.3,"97.437229697","92.921739545",23.4,53.3
"Loperfido, Joey",694388,2025,104,32,24,4,0,4,".333",".500",".379","0.879",32.9,5.7,37.1,"98.535505294","93.357428824",29.4,53.5
"Rodgers, Brendan",663898,2025,128,22,16,4,0,2,".191",".278",".266","0.544",40,14.3,48.6,"101.904707429","95.241190286",37.8,47.2
"Outman, James",681546,2025,148,18,6,5,1,6,".134",".321",".216","0.537",28.2,16.9,39.4,"100.988622","94.538542857",40.4,47.4
"Mervis, Matt",670223,2025,134,21,10,4,0,7,".175",".383",".254","0.637",26.8,8.5,38,"99.912860833","94.214077324",39.9,54.7
"Escarra, J.C.",641555,2025,98,17,10,5,0,2,".202",".333",".296","0.629",27.8,5.6,43.1,"100.294987778","94.348824722",19.4,43
"Casas, Triston",671213,2025,112,18,12,3,0,3,".182",".303",".277","0.580",34.7,9.7,44.4,"100.957485","94.540363056",31.1,48.5
"Sogard, Nick",686765,2025,104,25,17,8,0,0,".260",".344",".317","0.661",36.1,5.6,34.7,"97.3260325","92.700836944",20,42.5
"Wynns, Austin",642851,2025,110,30,16,8,0,6,".291",".544",".321","0.865",35.6,9.6,46.6,"101.397520833","95.015625972",27.6,51.5
"Clase, Jonatan",682729,2025,112,21,16,3,0,2,".210",".300",".288","0.588",21.9,6.8,35.6,"98.503751471","93.279422647",27.1,47.2
"Del Castillo, Adrian",680728,2025,131,29,19,6,0,4,".242",".392",".290","0.682",38.7,6.7,49.3,"100.452753158","94.823214533",33.7,46.5
"Beavers, Dylan",687637,2025,137,25,15,5,1,4,".227",".400",".375","0.775",37.3,9.3,28,"98.582665946","93.439117838",23.7,37.1
"McCormick, Chas",676801,2025,116,21,15,5,0,1,".210",".290",".279","0.569",32,5.3,29.3,"97.336296765","92.737822239",34.7,55.2
"Amaya, Miguel",665804,2025,103,27,14,9,0,4,".281",".500",".314","0.814",38.2,6.6,32.9,"97.858989737","93.0655964",26,54
"Gasper, Mickey",681508,2025,110,15,12,1,0,2,".158",".232",".257","0.489",16.9,1.3,31.2,"97.650921842","93.035443421",18.5,39.5
"Wilson, Weston",642215,2025,125,22,13,4,0,5,".198",".369",".282","0.651",38.5,10.3,41,"100.048028462","94.307998831",30.1,44
"Berti, Jon",542932,2025,107,21,19,2,0,0,".210",".230",".262","0.492",30.8,2.6,37.2,"99.086163333","93.621396104",26.3,47.6
"Renfroe, Hunter",592669,2025,108,18,12,6,0,0,".182",".242",".241","0.483",24.1,6.3,35.4,"99.1918265","93.701721646",23.3,44
"Stallings, Jacob",607732,2025,129,16,12,4,0,0,".134",".168",".195","0.363",31.3,1.3,26.3,"94.85299475","91.470348228",34.1,55.6
"Wade, Tyler",642180,2025,127,22,19,1,2,0,".206",".252",".309","0.561",28.7,0,15,"92.342291389","90.376605694",26.7,43.8
"Gilbert, Drew",687551,2025,109,19,10,5,1,3,".190",".350",".248","0.598",35.8,4.9,35.8,"98.241752","93.126746875",25.8,45.7
"Robles, Victor",645302,2025,114,26,20,4,1,1,".245",".330",".281","0.611",28,4.9,23.2,"94.92896125","91.626172785",25.9,60.8
"Rushing, Dalton",687221,2025,155,29,20,5,0,4,".204",".324",".258","0.582",37.2,14,45.3,"101.944263256","95.275830465",35.7,44.8
"Rogers, Jake",668670,2025,142,23,13,5,2,3,".187",".333",".277","0.610",36.8,9.2,40.2,"98.986049302","93.778180233",26.7,44
"Kayfus, C.J.",692216,2025,138,27,12,10,1,4,".220",".415",".292","0.707",41.4,9.2,36.8,"99.494627442","93.95327186",35.7,53.3
"Amador, Adael",691182,2025,128,20,12,7,0,1,".177",".265",".256","0.521",30.3,3.4,24.7,"96.266382195","92.139779878",20.7,47.2
"Clarke, Denzel",672016,2025,159,34,21,8,2,3,".230",".372",".274","0.646",29.2,6.7,42.7,"101.799379767","95.151251744",32.7,47.1
"Hill, Derek",656537,2025,149,29,20,6,0,3,".216",".328",".281","0.609",38.2,11.2,49.4,"102.004252619","95.738407229",33.5,53.5
"Marchán, Rafael",665561,2025,118,22,16,4,0,2,".210",".305",".282","0.587",26.7,2.2,22.2,"94.982321111","91.630902584",22.8,44.9
"Rortvedt, Ben",666163,2025,128,17,13,3,0,1,".152",".205",".240","0.445",23.9,3.3,19.6,"93.114169535","90.907202471",25.4,47.2
"Newman, Kevin",621028,2025,116,23,19,2,0,2,".202",".272",".209","0.481",28.3,2.2,29.3,"95.824514565","91.955249121",17,52.4
"Palacios, Joshua",641943,2025,145,26,19,4,0,3,".203",".305",".292","0.597",29,8.6,39.8,"101.061781778","94.71795191",27.8,51.6
"Rivera, Emmanuel",656896,2025,127,30,26,4,0,0,".250",".283",".291","0.574",38.5,1,32.3,"96.802193333","92.451264479",28.7,52.7
"Maldonado, Martín",455117,2025,161,30,20,6,0,4,".204",".327",".245","0.572",30.2,9.4,28.1,"97.990749545","93.002430341",38.4,45.3
"Noel, Jhonkensy",678877,2025,153,24,16,2,0,6,".162",".297",".183","0.480",25.8,6.2,41.2,"102.828730612","95.724912371",34.7,60.9
"Karros, Kyle",691720,2025,156,31,26,4,0,1,".226",".277",".308","0.585",25.5,1,33.7,"97.893413061","93.025963711",27.3,45
"Encarnacion-Strand, Christian",687952,2025,137,27,17,4,0,6,".208",".377",".234","0.611",29,9,44,"100.823273","94.4550123",25.8,56.3
"Vargas, Ildemaro",545121,2025,121,31,25,2,1,3,".270",".383",".292","0.675",26.5,3.9,37.3,"99.5403382","94.1288186",19.4,50.6
"Moore, Christian",695681,2025,184,32,19,5,1,7,".198",".370",".284","0.654",38.2,6.9,36.3,"100.7636714","94.563016162",36.9,47.4
"Lockridge, Brandon",663604,2025,148,31,23,7,1,0,".231",".299",".276","0.575",26.2,2.9,32,"97.779298571","92.981448673",24.9,53.5
"Kim, Hyeseong",808975,2025,170,45,35,6,1,3,".280",".385",".314","0.699",39.1,2.7,28.2,"95.688711273","91.889763486",31.4,50.6
"Thaiss, Matt",642136,2025,190,34,26,6,1,1,".218",".288",".349","0.637",27.7,4.5,42.9,"99.981091636","94.296854587",28.9,48.2
"Mauricio, Ronny",677595,2025,184,38,26,6,0,6,".226",".369",".293","0.662",28.1,8.8,43,"101.786935","95.220553393",33.9,52.5
"Bernabel, Warming",682653,2025,146,35,22,8,1,4,".252",".410",".288","0.698",34.2,2.6,32.5,"97.004497018","92.502248509",20.8,55.4
"Tena, José",677588,2025,169,37,22,13,2,0,".243",".355",".314","0.669",34.5,5.2,40.5,"99.054484464","93.921000268",22,45
"Rojas, Johan",679032,2025,172,34,28,3,2,1,".224",".289",".280","0.569",27.7,3.4,35.3,"99.557933889","93.879675648",24.7,52.5
"Jackson, Jeremiah",669236,2025,183,47,30,10,2,5,".276",".447",".328","0.775",27.5,7.5,46.7,"101.013917833","94.970572521",33.2,52.8
"Raley, Luke",670042,2025,219,37,25,8,0,4,".202",".311",".319","0.630",31.7,10.6,42.3,"101.481510339","95.137145897",40.8,53.9
"Taveras, Leody",665750,2025,180,35,25,6,1,3,".205",".304",".226","0.530",27.2,6.4,35.2,"99.243581864","93.754772203",25.2,52.1
"DeJong, Paul",657557,2025,208,44,28,10,0,6,".228",".373",".269","0.642",37.3,10.3,39.7,"99.616800317","93.875351032",33.2,57.2
"Martin, Austin",668885,2025,181,44,34,8,1,1,".282",".365",".374","0.739",35.4,5.5,38.6,"99.170504355","93.642009597",17.4,40.6
"Wong, Connor",657136,2025,188,32,24,8,0,0,".190",".238",".262","0.500",28.7,3.1,31,"97.650525968","92.838836452",24.7,48.3
"Refsnyder, Rob",608701,2025,209,49,28,12,0,9,".269",".484",".354","0.838",34.6,12.3,52.3,"102.333693385","95.943907308",25.3,40.9
"Ritter, Ryan",690022,2025,207,45,32,9,3,1,".241",".337",".296","0.633",30.5,1.5,30.5,"96.732699677","92.401848618",35.4,54.1
"Estrada, Thairo",642731,2025,165,39,27,9,0,3,".253",".370",".285","0.655",28.2,3.1,30.5,"97.262690923","92.709620231",22.8,54
"Kemp, Otto",805249,2025,218,46,27,11,0,8,".234",".411",".298","0.709",38.6,12.1,44.7,"100.840276818","94.728175344",34.3,51.3
"O'Neill, Tyler",641933,2025,209,36,20,6,1,9,".199",".392",".292","0.684",34.6,16.5,39.1,"100.510865075","94.485570376",31.4,47.4
"Santander, Anthony",623993,2025,221,34,23,5,0,6,".175",".294",".271","0.565",27.6,4.5,41,"100.252058507","94.331401567",24.5,48.5
"Turner, Justin",457759,2025,191,37,27,7,0,3,".219",".314",".288","0.602",38.2,3.7,30.9,"97.129182059","92.660234118",17.3,47.6
"Alvarez, Yordan",670541,2025,199,45,31,8,0,6,".273",".430",".367","0.797",42.8,13.8,52.9,"104.636630145","97.124242246",22.4,44
"Tawa, Tim",694374,2025,225,40,25,8,0,7,".201",".347",".274","0.621",31.4,9.3,42.1,"100.696969118","94.668478824",32.5,48.4
"Fraley, Jake",641584,2025,217,46,31,9,0,6,".241",".382",".332","0.714",39.4,4.9,34.5,"98.280407465","93.180021915",24.2,47
"Alvarez Jr., Nacho",805373,2025,208,44,30,12,0,2,".234",".330",".296","0.626",33.1,1.4,26.8,"95.360603857","91.727261",22.2,43
"Urshela, Gio",570482,2025,197,43,28,14,1,0,".238",".326",".287","0.613",41.7,2.1,34,"97.570132254","92.832189085",30.1,55.6
"Rojas, Josh",668942,2025,211,34,23,9,0,2,".180",".259",".252","0.511",30.6,3.5,36.8,"98.368843714","93.541469143",23.1,46.2
"Waters, Drew",671221,2025,219,50,40,6,3,1,".243",".316",".288","0.604",35.6,4.1,28.8,"97.434472083","92.746290972",30.3,56.5
"Carter, Evan",694497,2025,220,48,32,9,2,5,".247",".392",".336","0.728",34,5.9,34.6,"98.081147895","93.040980197",25.5,44.3
"Adams, Riley",656180,2025,286,49,33,8,0,8,".186",".308",".252","0.560",31.4,10.5,52.3,"103.494352237","96.418372697",34.6,48.3
"Wade Jr., LaMonte",664774,2025,242,35,23,8,2,2,".167",".254",".271","0.525",33.8,4.5,31.8,"98.244666579","93.396152434",22.8,40.9
"Arcia, Orlando",606115,2025,214,41,30,7,1,3,".202",".291",".238","0.529",26.1,2.5,33.8,"98.674542078","93.369533182",24.8,54
"Peraza, Oswald",672724,2025,265,40,29,6,0,5,".164",".250",".223","0.473",29.7,6.7,38.8,"100.200491975","94.259031543",33.3,52.9
"Verdugo, Alex",657077,2025,213,47,37,10,0,0,".239",".289",".296","0.585",34.9,3,42.8,"99.887519759","94.267966303",14.4,38.6
"Yoshida, Masataka",807799,2025,205,50,35,11,0,4,".266",".388",".307","0.695",29.2,6.5,44,"100.498389286","94.589775269",15.4,44.5
"Benson, Will",666181,2025,253,52,30,8,2,12,".226",".435",".273","0.708",37.3,15.4,53.8,"102.907826588","96.242418757",34.4,52.9
"McCarthy, Jake",664983,2025,222,42,26,7,5,4,".204",".345",".247","0.592",28.2,5.3,27.6,"96.21972175","92.14488327",21.1,49.4
"Hernández, Enrique",571771,2025,256,47,29,8,0,10,".203",".366",".255","0.621",32.9,9.4,37.6,"99.835463571","94.131469762",29,51.1
"Alvarez, Francisco",682626,2025,277,63,39,12,1,11,".256",".447",".339","0.786",32.4,12.1,54.3,"103.450256092","96.632659422",34.6,45.8
"Fortes, Nick",663743,2025,242,50,35,9,1,5,".229",".349",".296","0.645",29.9,4.6,37.9,"99.24272869","93.641201726",18.9,47.5
"Moncada, Yoán",660162,2025,289,58,31,13,2,12,".234",".448",".336","0.784",37.1,14.3,43.4,"101.202542614","94.864336514",31.4,44.9
"Toglia, Michael",669911,2025,337,58,31,15,1,11,".190",".353",".258","0.611",38.1,10.2,43.2,"100.796186437","94.757682428",37.3,48.9
"Varsho, Daulton",662139,2025,271,59,24,13,2,20,".238",".548",".284","0.832",36.9,15.9,40.3,"101.929371512","95.29886564",29.8,54.8
"Mead, Curtis",678554,2025,264,56,42,10,1,3,".233",".321",".299","0.620",33.7,4.5,34.8,"98.795073295","93.488545114",21.1,48
"Young, Cole",702284,2025,257,47,35,7,1,4,".211",".305",".302","0.607",33.3,5.6,31.1,"97.99473618","93.043937232",24.6,44.5
"Díaz, Elias",553869,2025,283,52,36,7,0,9,".204",".337",".270","0.607",30.1,7.5,38.7,"100.068601667","94.206191006",34.2,52
"Canzone, Dominic",686527,2025,269,73,51,11,0,11,".300",".481",".358","0.839",37.4,14.4,49.7,"102.981015914","96.069596505",26.4,51.6
"Stephenson, Tyler",663886,2025,342,69,38,18,0,13,".231",".421",".316","0.737",42.2,14.4,49.2,"100.887212903","94.951515484",30.6,43.6
"Murphy, Sean",669221,2025,337,58,29,13,0,16,".199",".409",".300","0.709",30.2,13.2,43.1,"102.033985426","95.22279861",32.3,47.9
"Taylor, Michael A.",572191,2025,325,59,29,20,1,9,".200",".366",".259","0.625",37.2,10.5,42.9,"101.676094494","95.232601638",37.7,51.3
"Hoskins, Rhys",656555,2025,328,66,41,12,1,12,".237",".416",".332","0.748",39.7,10.3,46.4,"100.047500722","94.368500412",27.6,40.4
"Saggese, Thomas",695336,2025,295,71,52,17,0,2,".258",".342",".299","0.641",39,5.6,44.1,"99.925035361","94.561153679",26.5,50.3
"Jansen, Danny",643376,2025,337,62,37,11,0,14,".215",".399",".321","0.720",35.6,8.8,39,"98.68086","93.598515665",24,43.2
"Torrens, Luis",620443,2025,283,59,39,14,1,5,".226",".345",".284","0.629",35.9,10.7,48.1,"100.939072718","94.984531902",20.7,49.3
"Sweeney, Trey",700242,2025,326,58,44,6,2,6,".196",".291",".258","0.549",28.8,6.7,35.1,"98.832125049","93.46450932",28,51
"Tellez, Rowdy",642133,2025,312,66,38,11,0,17,".228",".443",".276","0.719",36.8,15.3,46.4,"102.566534381","95.772612919",28.1,44.9
"Grichuk, Randal",545341,2025,293,62,34,18,1,9,".228",".401",".273","0.674",33.6,11.7,49.5,"103.732042243","96.384131636",19.8,48.7
"Williamson, Ben",810938,2025,295,70,56,13,0,1,".253",".310",".294","0.604",23.3,3.3,40.5,"99.548201226","93.912783555",21.9,48.1
"Crews, Dylan",686611,2025,322,61,41,8,2,10,".208",".352",".280","0.632",26.7,9.7,38.7,"101.064556729","94.842214579",30.7,48.1
"Gorman, Nolan",669357,2025,402,72,43,14,1,14,".205",".370",".296","0.666",39.3,9.1,41.1,"100.473005926","94.520283241",34.6,47.4
"Baldwin, Brooks",681460,2025,328,72,45,15,1,11,".240",".407",".290","0.697",36.8,10.9,40.9,"100.405509245","94.668835355",24.6,53.2
"Massey, Michael",686681,2025,277,64,52,9,0,3,".244",".313",".268","0.581",35.7,4,33,"97.791403604","92.942590407",18.5,54
"Wallner, Matt",670242,2025,392,68,27,16,3,22,".202",".464",".311","0.775",33.9,13.8,45.5,"102.7851575","95.761244395",35.5,50.5
"Norby, Connor",681393,2025,337,78,52,17,1,8,".251",".389",".300","0.689",42,9.4,37.1,"98.764348839","93.549892377",29.3,54.2
"Straw, Myles",664702,2025,299,70,51,14,1,4,".262",".367",".313","0.680",36.2,3.9,27.1,"96.079168692","92.074034626",17.3,47
"Ruiz, Keibert",660688,2025,267,63,49,12,0,2,".247",".318",".277","0.595",31.3,2.2,30.9,"96.142920957","92.090094629",12.8,52.8
"Myers, Dane",667472,2025,333,72,56,10,0,6,".235",".326",".291","0.617",34.6,7.8,42,"99.818160261","94.250510655",23.7,45
"Walker, Jordan",691023,2025,396,78,58,13,1,6,".215",".306",".278","0.584",29,10.9,50,"104.361880756","96.653513613",35.6,49.4
"Mountcastle, Ryan",663624,2025,357,83,58,18,0,7,".250",".367",".286","0.653",37.5,11.7,47.1,"101.733937167","95.313543167",32,57.5
"Rojas, Miguel",500743,2025,317,76,51,18,0,7,".262",".397",".318","0.715",34.4,4,31.2,"97.377713277","92.731858692",17.9,44.9
"Westburg, Jordan",676059,2025,352,87,59,10,1,17,".265",".457",".313","0.770",30.1,11.2,43.4,"101.28897176","94.91639",29.4,50.2
"Marte, Noelvi",682622,2025,360,89,56,17,2,14,".263",".448",".300","0.748",32,9,36.3,"99.982802857","94.081349283",27.1,51.8
"Clemens, Kody",665019,2025,386,74,39,12,4,19,".213",".434",".281","0.715",35.9,12,48.3,"102.245098819","95.890658268",23.9,48.4
"Fermin, Freddy",666023,2025,347,80,62,13,0,5,".251",".339",".297","0.636",28.7,4.2,34.1,"98.499082764","93.418854228",23.5,53.3
"Schneemann, Daniel",682177,2025,422,78,47,18,1,12,".206",".354",".283","0.637",32.6,11.4,41.7,"99.967612231","94.233244324",29.6,45.4
"Burger, Jake",669394,2025,376,84,52,15,1,16,".236",".419",".269","0.688",33.5,13.9,48.5,"103.175129323","95.834832632",29.2,55.1
"Giménez, Andrés",665926,2025,369,69,50,11,1,7,".210",".313",".285","0.598",32.6,3,27.7,"96.602269237","92.349003755",23.8,51.9
"Young, Jacob",696285,2025,364,75,62,10,1,2,".231",".287",".296","0.583",27.9,1.9,34.2,"98.260470403","93.325113441",17.4,43.7
"Naylor, Bo",666310,2025,414,70,33,22,1,14,".195",".379",".282","0.661",36.8,9.7,38.3,"99.633649773","94.100167452",22,47.1
"Kurtz, Nick",701762,2025,489,122,58,26,2,36,".290",".619",".383","1.002",39,18.4,51.1,"104.041792059","96.828915978",35.5,43.1
"Robert Jr., Luis",673357,2025,431,85,59,12,0,14,".223",".364",".297","0.661",34.7,10.2,41.6,"101.308583088","94.893475424",31.7,53.3
"Urías, Ramón",602104,2025,391,85,57,17,0,11,".241",".384",".292","0.676",33.6,8,41.8,"99.727267941","94.199624375",26.2,49.1
"Abreu, Wilyer",677800,2025,417,92,53,17,0,22,".247",".469",".317","0.786",31.9,12.3,44.9,"102.379878333","95.549366836",24,52.1
"Smith, Will",669257,2025,436,107,69,20,1,17,".296",".497",".404","0.901",41.7,12.2,47.1,"101.332929281","95.105303022",22.2,38.8
"Hays, Austin",669720,2025,416,101,65,16,5,15,".266",".453",".315","0.768",31.9,10.4,38.4,"99.434684493","93.863333745",31.4,52
"Sanoja, Javier",691594,2025,342,76,44,22,4,6,".243",".396",".287","0.683",31.8,1.8,35,"98.289398881","93.337097491",12.4,46.9
"Allen, Nick",669397,2025,416,82,71,11,0,0,".221",".251",".284","0.535",29.3,0,21.6,"94.907320963","91.457467333",21.5,48.4
"Trout, Mike",545361,2025,556,106,65,14,1,26,".232",".439",".359","0.798",44.4,15.8,49.3,"103.439903451","96.179463887",29.9,38.8
"Collins, Isaac",686555,2025,441,98,64,22,3,9,".263",".411",".368","0.779",34.4,4.9,38.9,"99.896805357","94.13021853",22.5,43.1
"Bailey, Patrick",672275,2025,452,91,64,18,3,6,".222",".325",".277","0.602",35.3,5.6,36.4,"98.882488071","93.543761039",28.6,49.4
"Baty, Brett",683146,2025,432,100,67,13,2,18,".254",".435",".313","0.748",32.6,12.8,46.9,"102.670454406","95.715246084",27.3,46.7
"Lowe, Josh",666139,2025,435,87,53,21,2,11,".220",".366",".283","0.649",34.5,5.9,39.6,"99.41732007","93.945724064",28,54.5
"Kelly, Carson",608348,2025,421,92,61,13,1,17,".249",".428",".333","0.761",34.8,9.6,40.3,"99.757056939","94.178120819",20.6,44.9
"Wells, Austin",669224,2025,448,88,44,22,1,21,".219",".436",".275","0.711",33,10.2,45.2,"101.709094658","95.230029897",27.4,50.7
"Seager, Corey",608369,2025,445,103,63,19,0,21,".271",".487",".373","0.860",34.2,15.3,53.6,"103.909205676","96.729058034",27.9,49.9
"Narváez, Carlos",665966,2025,446,97,55,27,0,15,".241",".419",".306","0.725",30.4,9.1,44.6,"101.53825034","95.342193367",27.7,48.9
"Quero, Edgar",700337,2025,403,98,76,17,0,5,".268",".356",".333","0.689",35.1,3.7,46.3,"99.759928311","94.349440405",21,46.4
"Scott II, Victor",687363,2025,463,86,65,15,1,5,".216",".296",".305","0.601",36,3.7,26,"96.84561594","92.427137782",26.9,49.1
"Shaw, Matt",807713,2025,437,89,52,21,3,13,".226",".394",".295","0.689",35.3,6.9,29.4,"96.793366467","92.432072809",22.5,48
"Paredes, Isaac",670623,2025,438,96,60,15,1,20,".254",".458",".352","0.810",37.2,6.3,33.6,"97.968035894","93.068434007",16.4,40.9
"Heim, Jonah",641680,2025,433,84,59,14,0,11,".213",".332",".271","0.603",33.3,6.1,35.9,"98.278415548","93.298205016",24.2,49.7
"Vientos, Mark",668901,2025,463,99,59,21,2,17,".233",".413",".289","0.702",33.5,11.5,50.5,"101.904334459","95.670780607",32.5,51.9
"Jeffers, Ryan",680777,2025,464,108,73,26,0,9,".266",".397",".356","0.753",33.5,6.3,42.1,"100.809316139","94.578274032",21.1,38.9
"Chisholm Jr., Jazz",665862,2025,531,112,65,15,1,31,".242",".481",".332","0.813",32.6,15,43.3,"100.93875057","94.67092819",32.2,47.1
"Cronenworth, Jake",630105,2025,515,103,71,20,1,11,".246",".377",".367","0.744",31.9,6.2,39,"99.15448481","93.790989905",18.8,42.7
"McMahon, Ryan",641857,2025,586,109,65,23,1,20,".214",".381",".312","0.693",35.3,12.1,50.5,"102.856311911","96.350240575",35.2,45.4
"Dingler, Dillon",693307,2025,469,121,85,21,2,13,".278",".425",".327","0.752",42.3,9.2,45.7,"101.112198405","94.948132515",24.8,48.5
"Moniak, Mickey",666160,2025,461,117,65,20,8,24,".270",".518",".306","0.824",37.6,13.8,45.3,"101.40795773","95.080857415",28.2,56.5
"Chapman, Matt",656305,2025,535,105,59,23,2,21,".231",".430",".340","0.770",34,9.9,47.6,"102.936609458","95.951665392",25.3,42.4
"Baldwin, Drake",686948,2025,446,111,72,18,2,19,".274",".469",".341","0.810",33.8,11,49.6,"102.167061775","95.60419003",19.5,49.5
"Merrill, Jackson",701538,2025,483,116,69,25,6,16,".264",".457",".317","0.774",42.6,13,42.9,"100.742734371","94.664461796",27.1,58.4
"Lukes, Nathan",664770,2025,438,99,66,19,2,12,".255",".407",".323","0.730",30.8,4.7,36.8,"98.257499018","93.258371015",14,48.9
"Manzardo, Kyle",700932,2025,531,110,62,19,2,27,".234",".455",".313","0.768",37.1,11.8,43.8,"100.114470588","94.531639086",27.7,48.4
"Sánchez, Jesús",660821,2025,497,107,68,21,4,14,".237",".395",".304","0.699",30.3,11.1,43.4,"102.78171462","95.681017749",25.9,49.2
"Langford, Wyatt",694671,2025,573,118,70,25,1,22,".241",".431",".344","0.775",35.9,14,48.4,"102.369966744","95.79834863",26.3,43
"Mangum, Jake",663968,2025,428,120,98,18,1,3,".296",".368",".330","0.698",26.5,2.6,33.4,"97.795184639","92.979726627",18.9,62.1
"Benintendi, Andrew",643217,2025,470,101,63,16,2,20,".240",".431",".307","0.738",35.8,11,36.9,"98.278448655","93.238830702",24.5,50.3
"Martínez, Angel",682657,2025,484,100,64,23,2,11,".224",".359",".269","0.628",32.2,3.5,29.3,"97.037956154","92.536116469",21.4,54.4
"McKinstry, Zach",656716,2025,511,117,71,23,11,12,".259",".438",".333","0.771",41.2,6.1,30.5,"96.985648092","92.494690578",22.8,46.7
"Ozuna, Marcell",542303,2025,592,113,73,19,0,21,".232",".400",".355","0.755",35.1,11.4,44.6,"101.322693218","94.957629109",25.8,39.4
"McNeil, Jeff",643446,2025,462,97,59,21,5,12,".243",".411",".335","0.746",38.9,5.1,32.9,"97.362971437","92.810539654",16.6,52.9
"McLain, Matt",680574,2025,577,112,79,18,0,15,".220",".343",".300","0.643",34,7.7,40.7,"99.170988588","93.766255706",28.5,43.2
"Contreras, Willson",575929,2025,563,126,74,31,1,20,".257",".447",".344","0.791",37.1,13.9,49,"103.153936457","96.033080457",28.9,48.5
"Arenado, Nolan",571448,2025,436,95,64,18,1,12,".237",".377",".289","0.666",31.5,3.9,32.6,"97.232838983","92.648981303",17.9,49.1
"Grisham, Trent",663757,2025,581,116,72,9,1,34,".235",".464",".348","0.812",34.6,14.2,46.4,"101.23838764","95.167728169",22.7,38.9
"McCutchen, Andrew",457705,2025,551,114,79,22,0,13,".239",".367",".333","0.700",34.5,8.3,42.5,"100.124243278","94.328514568",26.2,45.6
"Lowe, Brandon",664040,2025,553,130,80,19,0,31,".256",".477",".307","0.784",37.6,12.9,46.6,"101.991060221","95.474542762",33.4,55.5
"Bregman, Alex",608324,2025,495,118,72,28,0,18,".273",".462",".360","0.822",32.9,6.6,44.4,"99.354701257","94.200430932",15,40.6
"Rice, Ben",700250,2025,530,119,61,28,4,26,".255",".499",".337","0.836",39.3,15.4,56.1,"104.138238152","97.178139076",21.2,43.3
"Realmuto, J.T.",592663,2025,550,129,90,26,1,12,".257",".384",".315","0.699",36.7,8.8,45.5,"101.254721596","94.894975239",24.3,48.6
"Yastrzemski, Mike",573262,2025,558,111,65,28,1,17,".233",".403",".333","0.736",35.6,8.5,42.6,"99.919347541","94.459655315",19,41.8
"Wood, James",695578,2025,689,153,84,38,0,31,".256",".475",".350","0.825",36.3,16.3,56.3,"106.446259788","98.230447241",32.9,40.2
"Hernández, Teoscar",606192,2025,546,126,71,29,1,25,".247",".454",".284","0.738",34,11.5,46.1,"101.752887801","95.144195209",31.9,50.4
"Meidroth, Chase",805367,2025,505,114,94,15,0,5,".253",".320",".329","0.649",26.2,1.6,36.1,"97.686781436","92.976040347",13,38.6
"Langeliers, Shea",669127,2025,523,133,70,32,0,31,".277",".536",".325","0.861",33.2,11,44.8,"102.460619267","95.543333753",25.1,52.4
"Steer, Spencer",668715,2025,568,121,77,21,2,21,".238",".411",".312","0.723",34.2,7.6,33.2,"97.843391958","93.000497056",25,48
"Harper, Bryce",547180,2025,580,131,72,32,0,27,".261",".487",".357","0.844",37.6,12.3,47.5,"102.783123874","95.800004672",30.7,54.2
"Lowe, Nathaniel",663993,2025,609,123,79,23,3,18,".228",".381",".307","0.688",33.4,7,41.5,"100.389231563","94.465033629",24.7,44.6
"Semien, Marcus",543760,2025,534,108,76,16,1,15,".230",".364",".305","0.669",35.8,6.7,35,"98.284177358","93.274231455",22.6,49
"Busch, Michael",683737,2025,592,137,73,25,5,34,".261",".523",".343","0.866",41.1,17.1,47.3,"101.692645959","95.541508831",25.1,46.8
"Bohm, Alec",664761,2025,504,133,101,18,3,11,".287",".409",".331","0.740",35.6,6.2,46.4,"100.707635803","94.852393109",14.6,48.2
"Judge, Aaron",592450,2025,679,179,94,30,2,53,".331",".688",".457","1.145",39.4,24.7,58.2,"106.838113247","98.650676124",34.6,43.7
"Sheets, Gavin",657757,2025,545,124,76,28,1,19,".252",".429",".317","0.746",38.8,9.5,46.5,"101.199157732","94.955729845",23,44.7
"Winn, Masyn",691026,2025,537,124,88,27,0,9,".253",".363",".310","0.673",31.3,4.8,34.6,"98.797379897","93.446512558",19.6,45.3
"Nootbaar, Lars",663457,2025,583,119,81,24,1,13,".234",".361",".325","0.686",33,10.2,50,"101.938818418","95.520290383",20.9,39.4
"Polanco, Jorge",593871,2025,524,125,69,30,0,26,".265",".495",".326","0.821",34.3,10.3,45.8,"101.532444745","95.138197245",23.3,46.3
"Kirk, Alejandro",672386,2025,506,127,94,18,0,15,".282",".421",".348","0.769",34.4,10.1,50.8,"102.169605025","95.726454811",18.5,47.2
"Volpe, Anthony",683011,2025,596,114,59,32,4,19,".212",".391",".272","0.663",34.6,10.5,41.9,"100.214381212","94.48835443",25.1,45.9
"Torkelson, Spencer",679529,2025,649,135,76,27,1,31,".240",".456",".333","0.789",39.3,13.5,45.1,"100.7921562","94.776285589",26.9,44.6
"Donovan, Brendan",680977,2025,515,132,90,32,0,10,".287",".422",".353","0.775",40.1,8.8,40.9,"99.946562944","94.337995152",13.4,43.8
"Peña, Jeremy",665161,2025,543,150,101,30,2,17,".304",".477",".363","0.840",30,8.2,42.9,"100.3500578","94.382263083",27.1,51
"Bogaerts, Xander",593428,2025,552,129,88,30,0,11,".263",".391",".328","0.719",36.7,6.9,39.2,"100.19021209","94.233073607",21.3,41.9
"Schwarber, Kyle",656941,2025,724,145,64,23,2,56,".240",".563",".365","0.928",35.3,20.8,59.6,"105.678659216","98.063659265",33.1,41.8
"Raleigh, Cal",663728,2025,705,147,63,24,0,60,".247",".589",".359","0.948",35.3,19.5,49.6,"103.037930049","96.182622409",31.5,51.7
"García Jr., Luis",671277,2025,526,123,78,28,1,16,".252",".412",".289","0.701",33.7,9,45.8,"100.772844709","94.823697591",21.7,53.9
"Stott, Bryson",681082,2025,560,128,90,22,3,13,".257",".391",".328","0.719",36,5.1,29.5,"97.625702976","92.873358435",16.7,40.4
"Tucker, Kyle",663656,2025,597,133,82,25,4,22,".266",".464",".377","0.841",37.5,10.8,40.4,"99.768677067","94.192831928",20.2,45.2
"Hayes, Ke'Bryan",663647,2025,570,124,100,16,3,5,".235",".306",".290","0.596",30.6,4.5,42.5,"99.789439561","94.118686822",19.9,44.1
"Schanuel, Nolan",694384,2025,564,129,93,23,1,12,".264",".389",".353","0.742",38,4.5,29,"96.61346119","92.362165704",15,45.2
"Swanson, Dansby",621020,2025,645,144,93,24,3,24,".244",".417",".300","0.717",36.9,11.7,47.8,"101.168222972","95.031771415",30.5,50.3
"Freeman, Freddie",518692,2025,627,164,99,39,2,24,".295",".502",".367","0.869",36.7,10.4,45.7,"100.776056343","94.869970093",27.3,51.9
"Soto, Juan",665742,2025,715,152,88,20,1,43,".263",".525",".396","0.921",32.9,18.1,55.3,"104.539509412","97.232619389",22.4,35.5
"Holliday, Jackson",702616,2025,649,142,101,21,3,17,".242",".375",".314","0.689",32.4,7.8,40.8,"99.642935225","94.03038741",24.5,47.1
"De La Cruz, Elly",682829,2025,699,166,106,31,7,22,".264",".440",".336","0.776",32.5,10.2,44.2,"102.291176726","95.4641937",31.7,45.7
"Diaz, Yainer",673237,2025,567,139,93,25,1,20,".256",".417",".284","0.701",34.9,9.6,42.2,"100.97744942","94.706836942",23.4,59.5
"Pages, Andy",681624,2025,624,158,103,27,1,27,".272",".461",".313","0.774",38.9,8.4,37.2,"99.313461778","93.746068218",21.5,53.1
"Contreras, William",661388,2025,659,147,102,28,0,17,".260",".399",".355","0.754",31.6,6.4,48.5,"102.570622124","95.839705166",24.2,46.5
"Abrams, CJ",682928,2025,635,149,90,35,5,19,".257",".433",".315","0.748",34.4,7.6,39.2,"99.528390349","93.868025131",24.4,50.6
"Lopez, Otto",672640,2025,594,134,98,21,0,15,".246",".368",".305","0.673",32.5,7.1,38.3,"99.900867489","94.042562749",18.9,46.3
"Naylor, Josh",647304,2025,604,160,110,29,1,20,".295",".462",".353","0.815",30.8,6.7,41.9,"100.123963879","94.317973693",22.1,53.9
"Tatis Jr., Fernando",665487,2025,691,159,105,27,2,25,".268",".446",".368","0.814",28.9,10.9,51.8,"103.844166724","96.718358423",27,45.9
"Harris II, Michael",671739,2025,641,152,100,26,6,20,".249",".409",".268","0.677",29.6,9.1,43.4,"103.013806132","95.674311175",24.4,57
"Díaz, Yandy",650490,2025,651,175,120,29,1,25,".300",".482",".366","0.848",29.2,8.3,52.5,"104.837007886","97.11235376",17.9,44.4
"Guerrero Jr., Vladimir",665489,2025,680,172,115,34,0,23,".292",".467",".381","0.848",33.7,12.2,50.7,"104.847490968","96.922139153",21.5,42.2
"Rodríguez, Julio",677594,2025,710,174,107,31,4,32,".267",".474",".324","0.798",31.5,9.8,48,"103.7115726","96.24062626",28.2,55.4
"Witt Jr., Bobby",677951,2025,687,184,108,47,6,23,".295",".501",".351","0.852",35.4,12.5,48.5,"103.906232271","96.610542829",23.9,51.1
"Bellinger, Cody",641355,2025,656,160,101,25,5,29,".272",".480",".334","0.814",37.1,7.5,37.9,"98.690370317","93.444149405",18.1,48.3
"Albies, Ozzie",645277,2025,667,145,104,23,2,16,".240",".365",".306","0.671",33.5,4.9,30.7,"96.947639144","92.546234163",20.8,54.1
"Garcia, Maikel",672580,2025,666,170,110,39,5,16,".286",".449",".351","0.800",34.5,5.6,45.1,"101.342001641","95.068685362",15,40.1
"Lindor, Francisco",596019,2025,732,172,106,35,0,31,".267",".466",".346","0.812",34.6,8.8,44.4,"100.755824319","94.874493626",20.8,47.7
"Betts, Mookie",605141,2025,663,152,107,23,2,20,".258",".406",".326","0.732",37.7,5.5,35.8,"98.069345714","93.262709925",15.3,41.2
"Perdomo, Geraldo",672695,2025,720,173,115,33,5,20,".290",".462",".389","0.851",36.2,6.2,31.9,"97.403040156","92.774457856",12,39.7
"Hoerner, Nico",663538,2025,649,178,138,29,4,7,".297",".394",".345","0.739",36.1,2.3,30.3,"96.704418551","92.414274628",11.2,48.8